session_id,subject_id,trial,target_path,a_path,b_path,is_catch,label,pref_a,pref_b,dist_a,dist_b,artifact_a,artifact_b,fa_AF3:std,fa_AF3:theta_log_power,fa_AF3:alpha_log_power,fa_AF3:beta_log_power,fa_AF4:std,fa_AF4:theta_log_power,fa_AF4:alpha_log_power,fa_AF4:beta_log_power,fa_F3:std,fa_F3:theta_log_power,fa_F3:alpha_log_power,fa_F3:beta_log_power,fa_F4:std,fa_F4:theta_log_power,fa_F4:alpha_log_power,fa_F4:beta_log_power,fa_F7:std,fa_F7:theta_log_power,fa_F7:alpha_log_power,fa_F7:beta_log_power,fa_F8:std,fa_F8:theta_log_power,fa_F8:alpha_log_power,fa_F8:beta_log_power,fa_FC5:std,fa_FC5:theta_log_power,fa_FC5:alpha_log_power,fa_FC5:beta_log_power,fa_FC6:std,fa_FC6:theta_log_power,fa_FC6:alpha_log_power,fa_FC6:beta_log_power,fa_O1:std,fa_O1:theta_log_power,fa_O1:alpha_log_power,fa_O1:beta_log_power,fa_O2:std,fa_O2:theta_log_power,fa_O2:alpha_log_power,fa_O2:beta_log_power,fa_P7:std,fa_P7:theta_log_power,fa_P7:alpha_log_power,fa_P7:beta_log_power,fa_P8:std,fa_P8:theta_log_power,fa_P8:alpha_log_power,fa_P8:beta_log_power,fa_T7:std,fa_T7:theta_log_power,fa_T7:alpha_log_power,fa_T7:beta_log_power,fa_T8:std,fa_T8:theta_log_power,fa_T8:alpha_log_power,fa_T8:beta_log_power,fa_F7/F8:theta_asym,fa_F7/F8:alpha_asym,fa_F7/F8:beta_asym,fa_AF3/AF4:theta_asym,fa_AF3/AF4:alpha_asym,fa_AF3/AF4:beta_asym,fa_F3/F4:theta_asym,fa_F3/F4:alpha_asym,fa_F3/F4:beta_asym,fa_FC5/FC6:theta_asym,fa_FC5/FC6:alpha_asym,fa_FC5/FC6:beta_asym,fa_frontal_midline_theta,fa_erp_p300,fa_erp_frn,fb_AF3:std,fb_AF3:theta_log_power,fb_AF3:alpha_log_power,fb_AF3:beta_log_power,fb_AF4:std,fb_AF4:theta_log_power,fb_AF4:alpha_log_power,fb_AF4:beta_log_power,fb_F3:std,fb_F3:theta_log_power,fb_F3:alpha_log_power,fb_F3:beta_log_power,fb_F4:std,fb_F4:theta_log_power,fb_F4:alpha_log_power,fb_F4:beta_log_power,fb_F7:std,fb_F7:theta_log_power,fb_F7:alpha_log_power,fb_F7:beta_log_power,fb_F8:std,fb_F8:theta_log_power,fb_F8:alpha_log_power,fb_F8:beta_log_power,fb_FC5:std,fb_FC5:theta_log_power,fb_FC5:alpha_log_power,fb_FC5:beta_log_power,fb_FC6:std,fb_FC6:theta_log_power,fb_FC6:alpha_log_power,fb_FC6:beta_log_power,fb_O1:std,fb_O1:theta_log_power,fb_O1:alpha_log_power,fb_O1:beta_log_power,fb_O2:std,fb_O2:theta_log_power,fb_O2:alpha_log_power,fb_O2:beta_log_power,fb_P7:std,fb_P7:theta_log_power,fb_P7:alpha_log_power,fb_P7:beta_log_power,fb_P8:std,fb_P8:theta_log_power,fb_P8:alpha_log_power,fb_P8:beta_log_power,fb_T7:std,fb_T7:theta_log_power,fb_T7:alpha_log_power,fb_T7:beta_log_power,fb_T8:std,fb_T8:theta_log_power,fb_T8:alpha_log_power,fb_T8:beta_log_power,fb_F7/F8:theta_asym,fb_F7/F8:alpha_asym,fb_F7/F8:beta_asym,fb_AF3/AF4:theta_asym,fb_AF3/AF4:alpha_asym,fb_AF3/AF4:beta_asym,fb_F3/F4:theta_asym,fb_F3/F4:alpha_asym,fb_F3/F4:beta_asym,fb_FC5/FC6:theta_asym,fb_FC5/FC6:alpha_asym,fb_FC5/FC6:beta_asym,fb_frontal_midline_theta,fb_erp_p300,fb_erp_frn
S01_b5,S01,1,data/targets_real/10_pembroke_welsh_corgi.jpg,data/candidates_ai/10_pembroke_welsh_corgi/L3_4.png,data/candidates_ai/10_pembroke_welsh_corgi/L4_4.png,0,1,0.2175523042678833,0.7909888029098511,0.7824476957321167,0.20901119709014893,0.0,0.00390625,-0.48896974325180054,-0.11408381164073944,0.47520849108695984,0.3474033772945404,-0.494532972574234,-0.7203616499900818,0.3748665452003479,-0.2808191776275635,0.35425153374671936,0.11701307445764542,-0.767667293548584,-0.8524073958396912,-0.3540235161781311,-0.5077943205833435,2.0446178913116455,-0.5846884250640869,-0.4852280914783478,-0.47870251536369324,1.0020275115966797,-0.5863046646118164,-0.10763774812221527,0.0892617255449295,-1.345861554145813,-0.0737801343202591,-0.5217525362968445,0.27086013555526733,1.2636773586273193,0.9047487378120422,-0.8731008172035217,-0.8274211287498474,1.2745156288146973,-1.1327873468399048,-0.5833621025085449,0.15487074851989746,1.6661653518676758,-0.4384526312351227,-0.44349658489227295,0.1814495325088501,-0.1549210101366043,0.5352237820625305,-0.398282527923584,0.34325507283210754,1.2416678667068481,-0.4769429862499237,-0.937338650226593,-0.058479953557252884,-1.0122110843658447,-0.0586959570646286,-0.40873008966445923,-0.31640318036079407,1.1592707633972168,-0.19119735062122345,-0.6772111654281616,-0.5369683504104614,0.7603981494903564,-0.6253198981285095,0.6272333264350891,-1.5346887111663818,0.25736480951309204,-0.9827906489372253,-0.20574703812599182,-0.5191009640693665,-0.5560064911842346,4.196560382843018,0.6863594651222229,-1.0648952722549438,-0.853125274181366,-1.6836268901824951,-0.32621434330940247,-2.0857081413269043,1.259718418121338,-0.6456009745597839,-0.35610857605934143,-0.9104284644126892,-0.3956353962421417,-0.6990911960601807,-0.9280789494514465,-1.4784166812896729,-0.45368659496307373,-0.08024850487709045,-0.9760565161705017,-0.9609631896018982,-0.06435402482748032,-0.9826990962028503,-0.5234350562095642,-1.1946113109588623,-2.4816455841064453,-1.092279076576233,-1.3401851654052734,-1.0395684242248535,-0.02060113288462162,-0.9055331945419312,-1.7919766902923584,-1.3935407400131226,0.05043547600507736,-0.7242467999458313,-0.6503058671951294,-0.5845909118652344,-0.244000643491745,-1.356453776359558,-1.0842046737670898,-0.003851519897580147,-0.27880463004112244,-0.7755972146987915,-0.4869178533554077,-0.9441020488739014,-0.28544577956199646,-0.9495022296905518,-2.4165711402893066,-0.9809390902519226,0.8447229862213135,-0.6166060566902161,-0.22151750326156616,-1.0002435445785522,-0.8206151127815247,-1.3257040977478027,-0.9010868072509766,-0.8740984797477722,-1.211940884590149,-0.760098934173584,-0.1460953950881958,-1.1401073932647705,-0.8325410485267639,-1.0018219947814941,-1.1891411542892456,-0.8586716055870056,-1.800626277923584,0.580077052116394,0.054906006902456284,0.042450953274965286,-0.9016984105110168,-0.02255306765437126,-0.006546663120388985,-0.08094381541013718,-0.14954879879951477,-1.2452325820922852,0.2926812767982483,0.6968374848365784,0.026337530463933945,-0.7911668419837952,0.7100690603256226,-0.7405428886413574
S01_b5,S01,2,data/targets_real/05_shiba_inu.jpg,data/candidates_ai/05_shiba_inu/L4_2.png,data/candidates_ai/05_shiba_inu/L4_1.png,0,0,-0.4657214879989624,-0.8234245181083679,1.4657214879989624,1.823424518108368,0.0,0.0,-0.7743233442306519,-0.6345592737197876,-1.2226717472076416,0.7408610582351685,-0.7393024563789368,-0.47802838683128357,-1.5784807205200195,-0.24241763353347778,0.05280500650405884,0.5591956377029419,-1.2589126825332642,0.04198121279478073,-0.6791802048683167,-0.7373340725898743,-1.279041051864624,0.41294097900390625,-0.4016910791397095,0.24134297668933868,0.23888413608074188,-0.7797313332557678,-0.8017171025276184,-0.8648049831390381,-1.7982202768325806,-0.4571608901023865,-0.7937421798706055,-0.1536938101053238,-0.7237777709960938,-0.7630225419998169,-1.1832818984985352,-0.16234105825424194,-2.4037680625915527,0.22523841261863708,-0.836057186126709,-0.14737582206726074,-0.932823657989502,-0.7943035364151001,-1.044023871421814,-0.5533674359321594,-0.8502315282821655,-0.2892845571041107,-0.6714969873428345,-0.021877625957131386,-0.4296956956386566,0.09708680212497711,-1.22575044631958,-0.568599283695221,-0.941256046295166,0.12809917330741882,-0.6768649816513062,-0.15198878943920135,-0.7736818194389343,0.03128346428275108,-0.7658416628837585,-0.15698930621147156,-0.379157155752182,0.36983275413513184,-0.788359522819519,-1.1799451112747192,0.11607355624437332,0.3218284547328949,0.19280505180358887,-0.8315716981887817,-0.9820530414581299,0.21563762426376343,0.17060819268226624,0.1384037584066391,-0.37482255697250366,0.885448694229126,-0.44625064730644226,0.6778368353843689,-0.2494203895330429,-0.8628228306770325,-1.0321197509765625,-1.3995336294174194,-0.20085309445858002,-0.6696889400482178,-0.48660507798194885,-1.275425910949707,-0.5218730568885803,-0.489835649728775,-0.5767478942871094,-0.9558724164962769,-0.8561254143714905,-1.0148206949234009,-1.6290414333343506,-0.8983067870140076,-1.5079301595687866,-0.8881044387817383,-1.073644995689392,-0.9603713154792786,-1.3697550296783447,-0.33515092730522156,1.052140712738037,-0.06747910380363464,0.28024420142173767,-0.8243137001991272,-0.4996231496334076,-0.6870843768119812,1.6993592977523804,-1.4486528635025024,-0.9370168447494507,-2.278761386871338,-0.2680869698524475,-1.0103272199630737,-1.178175926208496,-1.444025993347168,-0.3150785565376282,-1.2014435529708862,-2.684370279312134,-1.3191031217575073,0.47632652521133423,-0.7975995540618896,-1.3923670053482056,-1.3456414937973022,-0.3021863102912903,-1.4373348951339722,-1.1644145250320435,-1.3706079721450806,-1.1857463121414185,-0.7824515104293823,-0.965885579586029,-1.5680506229400635,-0.11315621435642242,-1.0369430780410767,-1.5302608013153076,-0.3793089985847473,-0.6930286288261414,1.8974164724349976,0.7229246497154236,0.8864194750785828,1.0006515979766846,0.5119839906692505,-0.22861769795417786,-1.3563909530639648,0.2685730457305908,0.19943323731422424,0.1481611132621765,-0.35419905185699463,-1.8010585308074951,-0.9749317169189453,1.22813880443573,-1.3132743835449219
S01_b5,S01,3,data/targets_real/12_boxer_dog.jpg,data/candidates_ai/12_boxer_dog/L1_4.png,data/candidates_ai/12_boxer_dog/L0_4.png,0,1,0.3987165689468384,0.8877589702606201,0.6012834310531616,0.11224102973937988,0.0,0.0078125,-0.8470086455345154,-1.1274338960647583,-1.425005316734314,-0.9260110855102539,-1.0061286687850952,-1.1943821907043457,-1.543712854385376,-2.7501747608184814,-0.47113367915153503,0.018734412267804146,-1.0713810920715332,-0.17671485245227814,-0.7718122005462646,-0.9941146969795227,0.8401117920875549,0.501579761505127,-1.0048091411590576,-2.0546021461486816,-1.3052358627319336,1.2782244682312012,-0.8393667936325073,-0.9071347117424011,-0.9478351473808289,-1.3308334350585938,-0.8985376954078674,-0.8340958952903748,-0.03329119831323624,-1.273603081703186,-1.2352739572525024,-1.5392568111419678,-0.9978971481323242,-0.06742893904447556,-0.9743489027023315,-1.3423476219177246,-1.2314401865005493,0.7460918426513672,-1.1789469718933105,-1.4145009517669678,-0.8626464009284973,-0.4371924102306366,-0.8281290531158447,-1.2375034093856812,-0.49351218342781067,-0.11741644144058228,-1.1897786855697632,-1.5762470960617065,-0.8228662014007568,2.4003050327301025,-0.7796733975410461,-1.3953028917312622,-0.8687267899513245,-0.6551993489265442,-0.9219290614128113,-1.2975664138793945,-0.8699164986610413,0.3740752637386322,1.9490324258804321,0.510772168636322,-1.5008647441864014,0.005790709052234888,0.38695991039276123,-1.3199490308761597,-0.9940977096557617,2.9591639041900635,0.4736938178539276,0.2658136487007141,-0.4749888479709625,1.153387188911438,-1.1768348217010498,-0.23569098114967346,1.2715299129486084,-0.8828833699226379,-0.3181574046611786,-0.5881325602531433,-0.8192507028579712,-0.6196234822273254,-0.6712483763694763,-0.659588098526001,-0.8521890044212341,-0.2442817986011505,-3.050522804260254,-0.4691661596298218,-1.343490719795227,-0.7856102585792542,-0.7403382658958435,-1.1967109441757202,-0.6211571097373962,-0.5514342784881592,0.20930065214633942,-0.48209795355796814,0.6641061305999756,-0.6096250414848328,-0.387291818857193,0.6347728371620178,-0.00485431170091033,-0.727381706237793,-0.33801695704460144,-0.16967159509658813,0.8104068636894226,-0.8620927333831787,-2.4235165119171143,-3.7939960956573486,-1.312397837638855,-0.7989862561225891,-0.2481698989868164,-2.414710760116577,0.1674673706293106,-0.43898141384124756,0.6935003399848938,0.8811841607093811,2.4483447074890137,-0.02011662907898426,-0.05730147287249565,-1.6072908639907837,0.11411627382040024,-1.347633719444275,-0.7325084209442139,-0.3905678689479828,0.6635249853134155,-0.7240185141563416,-0.3625815808773041,-2.775045394897461,-0.15044139325618744,-0.868071973323822,-1.039002776145935,-0.9245831966400146,-0.5067188143730164,-0.4748111367225647,0.7313469648361206,-0.3472254276275635,-0.5465579032897949,0.14739415049552917,0.0538819283246994,0.6350139379501343,-0.9559139609336853,1.2416191101074219,-1.2191940546035767,-1.7543827295303345,-1.7260103225708008,-0.9824306964874268,-0.22994698584079742,0.8138833045959473
S01_b5,S01,4,data/targets_real/14_chihuahua.jpg,data/candidates_ai/14_chihuahua/L4_5.png,data/candidates_ai/14_chihuahua/L1_3.png,0,1,-0.2418842911720276,0.7318447828292847,1.2418842911720276,0.26815521717071533,0.0,0.0,-0.5717667937278748,-0.19674913585186005,0.3919065594673157,-0.5757497549057007,-0.016242779791355133,0.7201309204101562,1.0013233423233032,-0.20985832810401917,-0.31776878237724304,-0.2716045677661896,1.4111988544464111,-0.7124361991882324,-0.8628497123718262,-0.8097389340400696,-0.16835777461528778,-0.2104616016149521,-0.9449986815452576,-1.2470872402191162,0.6507076025009155,-1.0394710302352905,-0.9037564396858215,0.16166797280311584,-0.893149197101593,-1.0073928833007812,-0.7519047856330872,-0.17742179334163666,-0.05017562955617905,-0.8355993032455444,-0.7381157875061035,-1.9441508054733276,0.7597971558570862,-0.6146049499511719,-0.8994393348693848,-0.2160080522298813,-1.2058022022247314,-0.5516605973243713,-0.7172660827636719,-0.8938919901847839,1.0205539464950562,-0.3828394114971161,0.8723186254501343,-0.3488435745239258,-1.0595245361328125,-0.7765827178955078,-0.8437362313270569,-0.043732788413763046,1.6089287996292114,-0.9033286571502686,-0.5214414596557617,-0.22596968710422516,0.0568067692220211,-0.24026773869991302,-0.9474819302558899,-0.8455855250358582,0.6317221522331238,-1.5703030824661255,1.5932155847549438,-1.00717031955719,-0.09596940875053406,1.5241502523422241,0.20974580943584442,0.3384970426559448,-0.6809801459312439,-2.547471761703491,0.7217006087303162,-1.1354502439498901,0.45193713903427124,0.33921295404434204,-0.27895981073379517,-1.6543704271316528,-0.7655331492424011,-0.6159510016441345,-0.7806377410888672,0.3565830588340759,0.4567456543445587,-0.6651821136474609,-0.3815072476863861,-0.2539459466934204,-0.3625830411911011,-0.3186156451702118,-0.2233031541109085,0.21070367097854614,-0.7300429940223694,-0.5255168676376343,-0.44535568356513977,-0.6832355856895447,-0.1898535192012787,-0.11809317022562027,0.11616597324609756,1.3177391290664673,0.21109269559383392,-0.28717485070228577,0.05808527022600174,0.1270064264535904,1.973422646522522,-0.2588471472263336,0.47185686230659485,0.9205251932144165,1.2887824773788452,-1.0755579471588135,-1.0619181394577026,1.9027118682861328,-0.30984970927238464,-0.33191001415252686,0.7118260860443115,1.9428908824920654,-0.44211533665657043,-0.6476427912712097,-0.5542583465576172,0.5065423250198364,0.1787654310464859,-0.16619554162025452,0.8286750316619873,1.0102276802062988,-1.0355501174926758,-0.7727201581001282,-0.32182133197784424,0.29688116908073425,0.7134810090065002,-0.13181695342063904,0.7066429853439331,-0.023570312187075615,-0.7743770480155945,-0.32541629672050476,0.3800993263721466,0.7713796496391296,-0.031148819252848625,-0.10628295689821243,-0.972970187664032,1.133876085281372,0.7347479462623596,-0.447786808013916,-0.6773667335510254,-0.34136268496513367,-1.3274847269058228,0.753270149230957,-1.5753169059753418,-0.11885087192058563,-1.443894863128662,-0.4166696071624756,-0.874747633934021,1.3166390657424927
S01_b5,S01,5,data/targets_real/15_pug.jpg,data/candidates_ai/15_pug/L4_2.png,data/candidates_ai/15_pug/L0_1.png,0,0,0.2904883623123169,-0.26080912351608276,0.7095116376876831,1.2608091235160828,0.0,0.00390625,-0.8310467004776001,-1.0354349613189697,-0.4436261057853699,-0.9475277066230774,-0.47280529141426086,-0.766818642616272,-0.5067774057388306,0.25440514087677,-0.7321299910545349,-1.3170216083526611,-0.21190841495990753,-0.5845240354537964,-0.45925822854042053,-0.8604373335838318,-0.926598072052002,-2.635392665863037,-0.1610686182975769,-1.0582618713378906,-0.07859238982200623,-0.5564001202583313,-0.6391463875770569,-0.6920378804206848,0.32653316855430603,1.1073555946350098,-0.5510478019714355,-1.7738018035888672,-0.020357856526970863,1.8229385614395142,-0.6455029845237732,-0.7453157901763916,-2.723557710647583,-0.8454173803329468,-0.43438273668289185,-0.8687158823013306,-1.3303004503250122,1.8667794466018677,-0.6143215298652649,-0.6886048316955566,0.1951242834329605,-0.9579426050186157,-0.2642196714878082,-0.44684791564941406,-0.8992831707000732,1.6965646743774414,-1.0693327188491821,-0.5815871953964233,-1.1011998653411865,-1.3619126081466675,-0.12062887102365494,-0.3993508517742157,-0.47992637753486633,1.3832242488861084,-0.8163052797317505,-1.4024118185043335,-1.4178537130355835,0.5868933200836182,0.8744208812713623,0.24213355779647827,0.9859927296638489,0.5467899441719055,0.10610679537057877,1.02055025100708,-0.2620646357536316,-0.987398087978363,-0.7183427214622498,2.429206132888794,-1.3806661367416382,-2.3403751850128174,-1.2637964487075806,-2.808075428009033,1.9921743869781494,-0.6737478971481323,-0.0003097830922342837,-0.10878363996744156,-1.8303074836730957,-0.7939980030059814,-0.6152501702308655,0.5039228796958923,-2.3438169956207275,-0.07624834775924683,-0.6202666759490967,1.080775260925293,-0.5577975511550903,-0.5001876354217529,-0.22851264476776123,1.217860221862793,-3.2780168056488037,0.012083825655281544,0.6949197053909302,0.6915698051452637,-1.3433588743209839,-0.22861257195472717,-1.2653576135635376,0.18815556168556213,-1.1287256479263306,-0.173976868391037,0.4147908389568329,-0.032624997198581696,-1.3465255498886108,-1.6242207288742065,0.2881483733654022,-1.3517379760742188,-3.362210750579834,-0.09250515699386597,0.5748716592788696,-0.5141591429710388,-1.0611685514450073,-0.6843916773796082,-0.3795660734176636,-0.2093108743429184,-1.3953570127487183,4.227351188659668,2.225382089614868,0.0795581117272377,-0.055967092514038086,-0.7979898452758789,-0.06915148347616196,-0.02435636706650257,-1.1363098621368408,0.08806689083576202,0.6825093030929565,0.5528778433799744,-1.608243703842163,-0.5983083248138428,0.7395811676979065,-0.0769142434000969,-1.3325018882751465,-1.5646454095840454,-0.4436790347099304,-0.014922828413546085,-1.0086665153503418,0.3703748285770416,-0.21957017481327057,0.05180022865533829,-0.012702910229563713,-1.0915721654891968,-0.48410433530807495,-0.6583213210105896,-1.1895663738250732,-0.12145822495222092,-0.3185259997844696,1.1870312690734863
S01_b5,S01,6,data/targets_real/14_chihuahua.jpg,data/candidates_ai/14_chihuahua/L1_2.png,data/candidates_ai/14_chihuahua/L4_1.png,0,0,0.8068305253982544,0.06939220428466797,0.1931694746017456,0.930607795715332,0.01171875,0.00390625,-0.7423037886619568,-0.9657489657402039,-1.716996669769287,0.27628985047340393,-0.7255014777183533,-0.5285099744796753,-1.930300235748291,-0.2019032984972,-0.9527226090431213,-1.8613190650939941,-0.6418481469154358,-1.4234036207199097,-0.8155534267425537,-0.38204753398895264,-0.5458660125732422,-1.676404595375061,1.311174988746643,1.866910457611084,2.528430223464966,3.2862555980682373,-1.1056984663009644,-2.64089035987854,-0.5985150933265686,0.8238281607627869,-0.6410294771194458,-1.3519153594970703,-0.09709737449884415,1.8659346103668213,-0.825623631477356,-0.3830506503582001,-0.44760799407958984,0.6938373446464539,-0.9178953766822815,-0.33773624897003174,-1.6407092809677124,0.4317961037158966,-1.0668014287948608,-1.224751591682434,-0.13574953377246857,-0.22998090088367462,-0.6372394561767578,-0.47760045528411865,-1.1221516132354736,0.5630714893341064,-1.152334451675415,-0.6691669821739197,-0.29674503207206726,0.3168744146823883,-0.7535101771354675,-0.7139086723327637,-1.0279016494750977,0.0778452605009079,-0.9088639616966248,-0.7192241549491882,-1.9025838375091553,-0.24105405807495117,-3.766605854034424,-2.330983877182007,-1.184053659439087,0.8162393569946289,0.4277288317680359,-0.3962787985801697,0.45655232667922974,0.2628471851348877,0.7736124396324158,1.9878321886062622,-0.11483636498451233,-1.2542262077331543,-0.9985730648040771,1.3400284051895142,-0.33598464727401733,-0.9588111042976379,-0.21243545413017273,-1.0984926223754883,-2.773801565170288,-0.8243484497070312,-0.5598124861717224,-0.5058884024620056,-0.9946492314338684,-0.5295754075050354,-0.3587474822998047,-0.05915243551135063,-0.15512937307357788,-1.0883243083953857,-0.8631440997123718,-1.9829562902450562,-3.3759799003601074,-1.0641145706176758,-0.7698374390602112,-0.7196428179740906,-1.1422710418701172,-1.091490626335144,-0.7803690433502197,0.45265641808509827,-0.04219057038426399,-0.6056084632873535,-0.09843560308218002,-0.04174929857254028,1.5374561548233032,-0.7732056975364685,-1.381352424621582,0.18987932801246643,-1.0220832824707031,-0.8946662545204163,-0.654761016368866,-1.7866318225860596,0.5697658061981201,-0.6599664688110352,-0.542064905166626,-0.041952945291996,0.11618633568286896,-0.7232369184494019,-0.768820583820343,-0.6228768229484558,0.04274856671690941,-1.1412842273712158,-0.426786869764328,-1.2877185344696045,-0.006634855642914772,-0.6649653315544128,-0.6894317865371704,-0.33929672837257385,0.013560120016336441,-0.9381828308105469,-0.6831453442573547,-1.6867934465408325,-1.0329276323318481,0.476607084274292,0.8190053105354309,0.5653910636901855,-0.5480259656906128,0.6733049750328064,1.643450379371643,-0.6948230862617493,-2.7572197914123535,-1.6149027347564697,-0.8531480431556702,0.147860586643219,-2.2000975608825684,-0.56069016456604,-1.8956048488616943,0.15777786076068878
S01_b5,S01,7,data/targets_real/12_boxer_dog.jpg,data/candidates_ai/12_boxer_dog/L1_1.png,data/candidates_ai/12_boxer_dog/L1_2.png,0,1,0.5325841903686523,0.8469383716583252,0.46741580963134766,0.1530616283416748,0.0,0.0,-0.9284096360206604,-0.6713234186172485,-1.2815537452697754,-1.15562105178833,-0.7256647348403931,-0.22299611568450928,-1.2119476795196533,-0.1986660212278366,-0.49680250883102417,0.1988210529088974,-0.5048238039016724,-0.7812594771385193,-1.1646872758865356,-0.8296374082565308,-2.6321892738342285,-3.7960212230682373,-0.7232186794281006,-0.5220697522163391,-0.9190723299980164,-2.2690863609313965,-0.8825767636299133,-1.4773266315460205,-0.9020617604255676,0.4000226557254791,-0.8616781234741211,-0.5173847079277039,-0.13575616478919983,-0.8586439490318298,-1.540063738822937,-0.20391306281089783,-3.809406042098999,0.5821573138237,-1.0039589405059814,-0.6848434805870056,-2.386630058288574,-1.2662224769592285,1.1372888088226318,0.4545173943042755,-2.1909196376800537,-1.6758606433868408,-0.8834137916564941,-0.9823207259178162,-1.3754241466522217,-1.3375672101974487,-1.4568053483963013,-1.2418118715286255,-1.4959757328033447,-1.5773237943649292,-0.8476610779762268,-0.48611587285995483,-0.5878617167472839,-1.3421580791473389,-1.1056970357894897,-0.7952855825424194,-0.7806734442710876,-2.2472856044769287,-0.22281579673290253,0.23035664856433868,1.4279512166976929,0.8042374849319458,0.44468268752098083,0.851395845413208,-0.9118375778198242,-2.9635891914367676,-1.1057192087173462,0.7184934616088867,-1.802875280380249,1.2370195388793945,-0.5266755819320679,0.8711562156677246,0.21036259829998016,-0.5353621244430542,-0.13255198299884796,-0.4229709208011627,0.24588482081890106,-0.09978178888559341,0.2906050682067871,0.16321229934692383,-0.1646716296672821,-0.1670641154050827,-1.2422900199890137,0.8508585095405579,-0.3376765549182892,-0.7817235589027405,0.034673143178224564,-0.4762744903564453,-1.7850652933120728,-0.7886785864830017,-0.5539025068283081,0.07754716277122498,-0.6472105383872986,-0.7258977293968201,-1.2591862678527832,0.8029084205627441,0.8418216109275818,-0.656959056854248,-0.23573900759220123,0.7368075251579285,1.5669662952423096,-0.898764431476593,-1.6025488376617432,-0.8275797963142395,0.6780524253845215,-0.9559518694877625,-0.04995870590209961,-0.010895784944295883,-2.2629377841949463,-0.8320189118385315,-0.7339096069335938,-0.36382371187210083,0.2679104804992676,-0.6506545543670654,-0.12516804039478302,0.21459874510765076,-1.2246726751327515,-1.0349141359329224,-1.2199878692626953,-0.19231870770454407,0.33025556802749634,-0.5637491941452026,-0.10181677341461182,0.8116754293441772,-0.09960124641656876,-0.8184763193130493,-0.12700067460536957,-0.39588138461112976,-1.2580029964447021,-0.058894939720630646,0.38105088472366333,0.8657658696174622,0.7077043056488037,0.455500066280365,-0.3410683870315552,0.5919203758239746,-2.0753140449523926,-0.5547244548797607,-0.7856612801551819,-1.3077092170715332,-0.9834460616111755,-0.2815307080745697,-0.08724191039800644,0.16309823095798492
S01_b5,S01,8,data/targets_real/02_poodle.jpg,data/candidates_ai/02_poodle/L1_4.png,data/candidates_ai/02_poodle/L3_3.png,0,0,0.5663743019104004,-0.2068278193473816,0.4336256980895996,1.2068278193473816,0.0078125,0.0078125,-0.8223781585693359,-0.23925992846488953,-0.702506422996521,-1.704063057899475,-0.7923165559768677,-0.720592200756073,-0.9635963439941406,-1.4686164855957031,-0.6470388770103455,-0.9674617052078247,1.4152226448059082,-0.7529013752937317,-0.8511786460876465,-0.9937089681625366,-0.40412670373916626,-0.7431671619415283,-0.6972233653068542,-1.1876941919326782,0.6980745792388916,-1.1141281127929688,-0.4622974991798401,-1.1458630561828613,1.1233230829238892,-0.19447684288024902,-0.5052874088287354,-0.7864357829093933,-0.816743791103363,0.07114715874195099,-0.3444460332393646,-1.237691879272461,0.4390784204006195,-0.15678049623966217,-0.672703206539154,0.11768914759159088,-2.1155593395233154,-1.0216479301452637,-1.1373822689056396,-1.9098008871078491,-0.14182494580745697,0.8256542086601257,-0.46964597702026367,-0.18664781749248505,-2.26700758934021,-1.1393626928329468,-1.2028981447219849,-1.0538016557693481,-0.40150734782218933,1.657423973083496,-0.6235432624816895,-0.7397004961967468,-0.5050622224807739,-0.7832052111625671,-0.7215594053268433,-0.6275097727775574,-0.6156603097915649,-1.8163222074508667,0.7687509059906006,0.0664786621928215,0.4548647999763489,-0.7650046348571777,0.07972339540719986,0.34695982933044434,-0.5510897040367126,-2.893359899520874,0.4855884909629822,0.4081180691719055,1.2028493881225586,-0.1819535344839096,-0.8344916105270386,1.1849421262741089,-0.8620311617851257,-0.9066281318664551,-1.0120773315429688,-0.2675170302391052,-2.7973272800445557,-0.4352647662162781,-0.21886074542999268,-0.9126805067062378,-1.6192091703414917,0.10914094001054764,1.0526607036590576,0.2014894187450409,-1.5626698732376099,0.6946642994880676,0.5708716511726379,1.4498035907745361,-1.1028809547424316,0.5575166344642639,-0.5964971780776978,1.0350271463394165,-1.1291875839233398,0.18853789567947388,-0.7552297711372375,0.23081853985786438,0.593622088432312,0.839214563369751,0.29761600494384766,1.3301560878753662,0.8405492305755615,-0.31460097432136536,-0.9838752150535583,1.6255824565887451,-0.15953907370567322,0.6136274337768555,0.051680680364370346,1.427713394165039,-0.4185754358768463,-0.2518490254878998,-1.9646108150482178,-0.4791584312915802,-0.2694595158100128,1.0225881338119507,0.4273543953895569,1.073198914527893,-0.2701569199562073,-0.39581239223480225,-0.7942470908164978,-0.16163063049316406,-1.1155191659927368,0.6957644820213318,0.2585504651069641,0.8123312592506409,-0.8358752131462097,-0.3715030252933502,-1.891042709350586,0.6905929446220398,-1.0905135869979858,0.2825756072998047,-0.6920076012611389,0.9591786861419678,1.4049065113067627,-0.26879870891571045,1.1812787055969238,0.09359835833311081,1.7574081420898438,1.2417670488357544,-1.2251770496368408,-0.7514893412590027,-0.9105699062347412,-0.1927359700202942,-0.1317301094532013,2.0860373973846436
S01_b5,S01,9,data/targets_real/01_golden_retriever.jpg,data/candidates_ai/01_golden_retriever/L2_2.png,data/candidates_ai/01_golden_retriever/L3_2.png,0,1,0.29875147342681885,0.6485891342163086,0.7012485265731812,0.3514108657836914,0.01953125,0.0078125,-0.7378687858581543,-0.40218737721443176,-0.25005394220352173,-2.3777663707733154,-0.2349356710910797,-0.1671413630247116,1.3121740818023682,-1.3001571893692017,1.0533331632614136,2.1154019832611084,0.08338993787765503,-0.789443850517273,0.8055797219276428,0.887500524520874,0.7049919962882996,0.9436867833137512,1.0699689388275146,0.5111990571022034,2.8937809467315674,4.055716037750244,0.3101779818534851,-1.8078659772872925,0.6677973866462708,0.535818338394165,0.7644025087356567,0.8418321013450623,2.104008674621582,2.9478211402893066,-0.42994022369384766,-0.8987106680870056,4.112287521362305,1.4152023792266846,0.7585442662239075,0.8184886574745178,3.5253782272338867,3.331056833267212,0.013396668247878551,0.24562181532382965,0.4523317217826843,0.37840378284454346,1.0108296871185303,1.2369389533996582,3.1990933418273926,2.843999147415161,-0.5739840269088745,-0.2524237334728241,0.44218817353248596,0.5602785348892212,0.948586106300354,1.269986867904663,2.7485547065734863,1.5531492233276367,-0.3217175602912903,0.0732932984828949,1.176129698753357,1.3249644041061401,-1.6560858488082886,-1.9223718643188477,-1.7642682790756226,0.4267907440662384,0.9356865286827087,1.0629814863204956,-0.06941558420658112,0.8783987164497375,1.4259628057479858,-2.076279640197754,-0.3937416970729828,-1.7478744983673096,0.27508026361465454,0.987458348274231,-0.7731165289878845,-0.7716519832611084,-1.0808767080307007,-1.7798197269439697,-1.830275297164917,-0.7103872895240784,-0.07000637799501419,-0.6140000224113464,-1.105067491531372,0.2741459012031555,-0.5586891174316406,-0.4319787323474884,-1.534384846687317,-0.3383644223213196,0.25179600715637207,0.7723756432533264,-2.248265266418457,-0.13689841330051422,0.22576183080673218,0.15091712772846222,1.2927402257919312,-0.4561764895915985,0.12734189629554749,-0.28686046600341797,1.2954622507095337,-0.2615836560726166,0.15479733049869537,0.20645937323570251,1.5428780317306519,0.4217214286327362,-0.4583590030670166,-0.3535531759262085,0.2654421627521515,-0.43164438009262085,0.2752207815647125,0.5256192684173584,-0.6340206861495972,-0.2842284142971039,-0.1055530309677124,-1.8296276330947876,1.6670045852661133,-0.40961483120918274,0.5248317122459412,0.6862728595733643,-0.49025386571884155,-0.754479169845581,-0.3329141139984131,-0.9490442276000977,1.4490220546722412,-0.41408249735832214,0.3260457217693329,0.30627667903900146,-0.03380751609802246,-0.33623045682907104,0.008753296919167042,0.20393683016300201,0.10789670795202255,-0.1982291042804718,-0.27751582860946655,0.1462012380361557,1.768983006477356,1.2036508321762085,0.7376450300216675,0.5004023313522339,1.8172239065170288,0.5991827845573425,-0.5978896617889404,-0.42919090390205383,-1.262734055519104,-0.33548232913017273,0.35151663422584534,1.0148980617523193
S01_b5,S01,10,data/targets_real/14_chihuahua.jpg,data/candidates_ai/14_chihuahua/L0_3.png,data/candidates_ai/14_chihuahua/L1_2.png,0,1,0.2924615144729614,0.8068305253982544,0.7075384855270386,0.1931694746017456,0.0,0.00390625,-1.004733681678772,-0.12486305832862854,-0.9213172793388367,-1.5092889070510864,-0.8790852427482605,-0.5334519743919373,-0.7829009890556335,-1.247698187828064,-0.34554773569107056,-1.4074879884719849,-1.5318934917449951,-2.4941835403442383,-0.9680160880088806,-1.4146720170974731,-1.3670027256011963,-1.7022581100463867,-0.9315156936645508,-1.4722381830215454,-1.5065516233444214,0.5141337513923645,-0.3171248733997345,-0.5398737192153931,-0.8573984503746033,-0.05342773348093033,-0.7460035085678101,-0.15343067049980164,-0.2667161226272583,-0.3005954325199127,-1.717978835105896,-1.4652724266052246,-3.487191677093506,-2.097938299179077,-0.9783226251602173,-0.5800351500511169,-2.9146344661712646,-0.025126347318291664,-0.6227222681045532,-0.8230324983596802,0.17209850251674652,0.8175235986709595,-0.8178094029426575,-0.43932628631591797,-1.4602503776550293,0.21909762918949127,-1.4400203227996826,-0.7497827410697937,-0.6639136075973511,-1.1149556636810303,-0.6762017607688904,-0.12030068039894104,-0.55845046043396,-0.4395243525505066,-0.9034799337387085,-1.0475544929504395,-1.1227020025253296,-1.1339390277862549,1.46002197265625,0.7199413776397705,-0.3001052141189575,-0.6574125289916992,0.3681304156780243,0.3483007550239563,-0.7710009813308716,0.5349547863006592,2.012880563735962,-0.8226686716079712,-1.480103611946106,-1.2518430948257446,-0.7316721677780151,0.7036215662956238,-1.814151644706726,-1.0449564456939697,-0.6933356523513794,-0.6543079614639282,-1.9572312831878662,-0.9146708250045776,-1.038044810295105,-2.1509764194488525,-1.6094791889190674,-0.31088170409202576,1.2326037883758545,-0.4654674828052521,-2.586357593536377,-1.1707055568695068,-0.6731157302856445,-0.828497052192688,-3.173651933670044,-0.9789340496063232,-0.8312900066375732,-0.277786523103714,-1.658215045928955,-0.6551880836486816,1.7843334674835205,-1.2422138452529907,-0.7472082376480103,-0.8236993551254272,0.24981509149074554,-0.9340292811393738,-0.7276131510734558,-1.2404855489730835,0.45658403635025024,0.8547791838645935,-1.255868911743164,-0.9981263279914856,0.04715428128838539,-0.5210835337638855,-0.9816239476203918,-1.052249789237976,-1.9694461822509766,-0.6199070811271667,-0.43021082878112793,-0.9315172433853149,0.008282258175313473,-1.3056960105895996,-1.5319374799728394,-1.1448956727981567,-1.1443467140197754,-1.6418123245239258,-0.18752366304397583,-0.9192125201225281,0.2597610056400299,-1.8090437650680542,-1.6177858114242554,-0.8410245180130005,-0.1167234405875206,-0.027089133858680725,-1.199568748474121,2.0275676250457764,-0.4646378457546234,0.3886072039604187,-0.4943382441997528,-0.6128725409507751,0.4582606554031372,-1.2206052541732788,-0.4320273995399475,1.3377805948257446,-0.0828782394528389,1.557501196861267,-0.23217861354351044,-0.38256222009658813,0.9285007119178772,-0.300490140914917
S01_b5,S01,11,data/targets_real/05_shiba_inu.jpg,data/candidates_ai/05_shiba_inu/L2_1.png,data/candidates_ai/05_shiba_inu/L3_1.png,0,0,0.6948486566543579,-0.3265336751937866,0.3051513433456421,1.3265336751937866,0.0,0.03515625,-0.6992785334587097,-0.5446950197219849,-1.853302240371704,-0.8651149868965149,-0.48889586329460144,0.10499675571918488,-1.1697759628295898,0.052889347076416016,-0.7327156662940979,0.6725180745124817,0.40134456753730774,-0.9955629110336304,-1.0360304117202759,-1.2766592502593994,-0.6049861311912537,-1.4900403022766113,-0.9241228103637695,-1.3274236917495728,-0.10692072659730911,-1.5008909702301025,-0.8817816972732544,-3.029388904571533,-1.6768687963485718,0.27490565180778503,-0.7448788285255432,-0.2313196212053299,-0.09360135346651077,0.843792736530304,-1.4882535934448242,-1.0921071767807007,-0.8082062602043152,0.29063138365745544,-1.021019697189331,-0.444135844707489,-1.1302486658096313,-0.01487115491181612,-0.6742776036262512,-0.6350018382072449,-0.8322300314903259,0.18653738498687744,-0.8876676559448242,-0.5720447897911072,-0.618212103843689,-0.14884789288043976,-0.9810022711753845,-0.45388734340667725,-0.7816697955131531,-1.2350281476974487,-0.9127607345581055,-1.3168374300003052,-0.9437588453292847,-0.7527327537536621,-0.9382639527320862,-0.10072632133960724,-0.3820393979549408,-0.04610900953412056,-0.14791271090507507,-0.8393816351890564,0.9510158896446228,1.121554970741272,0.9625819325447083,0.7931646704673767,-1.56766676902771,-1.5262789726257324,0.3721218705177307,-0.4167421758174896,-0.30503782629966736,-0.5841023921966553,-0.46985745429992676,-0.5763095617294312,-0.1429854780435562,11.827335357666016,0.5130677819252014,-0.10467089712619781,-1.3511956930160522,0.270765483379364,-0.42375433444976807,-2.41257643699646,-0.9043161869049072,1.4029518365859985,0.7095708250999451,0.42226725816726685,-0.5697658061981201,2.790678024291992,-0.9066408276557922,-2.0583746433258057,-0.4741678237915039,-0.6926051378250122,-0.5821945071220398,-1.2617146968841553,-1.3155434131622314,0.6930210590362549,-2.4691884517669678,-0.09172043949365616,0.15895603597164154,0.6238151788711548,-0.03561106324195862,-0.40726879239082336,-0.1787400245666504,2.390108346939087,-1.2177214622497559,-1.5199207067489624,0.24372248351573944,2.369605302810669,-0.47022366523742676,-2.223618984222412,-1.068835735321045,0.7074689865112305,-1.7018084526062012,-0.330182820558548,-1.5656977891921997,-0.06559798866510391,-0.11165659874677658,-1.753109097480774,-1.1823934316635132,-0.1117515116930008,-1.7819089889526367,-0.8398098349571228,-0.28585168719291687,-0.732016921043396,0.13949920237064362,-0.782346248626709,-1.5871809720993042,0.32768696546554565,-1.266602873802185,-1.83188796043396,-1.9849961996078491,-0.7217161655426025,0.9480719566345215,0.7819122076034546,-1.5892969369888306,-1.2319207191467285,0.4761732518672943,-1.2174135446548462,-3.652153491973877,0.4144231379032135,-0.8380057215690613,-0.29722970724105835,0.34720316529273987,-0.20941531658172607,-2.8543622493743896,11.684452056884766
S01_b5,S01,12,data/targets_real/07_beagle.jpg,data/candidates_ai/07_beagle/L2_4.png,data/candidates_ai/07_beagle/L1_1.png,0,1,-0.07769554853439331,0.8951807022094727,1.0776955485343933,0.10481929779052734,0.00390625,0.00390625,-0.19024735689163208,-0.521091878414154,-0.20364433526992798,-0.2758946120738983,-0.3031242787837982,-0.26852303743362427,-1.9096081256866455,1.5018075704574585,-0.1550477296113968,0.9696719646453857,-0.28687626123428345,-1.6232048273086548,-0.7059239745140076,-0.747087299823761,-1.4550522565841675,0.43735137581825256,1.7439274787902832,1.5559455156326294,1.2051719427108765,1.682398796081543,-0.1665402352809906,-1.6132303476333618,-0.4952179789543152,1.6818325519561768,-0.3462371528148651,-0.3292471170425415,-0.851839005947113,1.7368402481079102,-0.164422869682312,-0.851481556892395,-0.6550095081329346,-1.663480281829834,-0.6094807982444763,-0.7389305830001831,-2.0371835231781006,-0.4477144479751587,-0.3556312918663025,-0.8641554117202759,-0.9427344799041748,-0.06880956888198853,-0.5494452714920044,-0.26330235600471497,-1.1288032531738281,-0.5006382465362549,-0.7933621406555176,-0.7924531698226929,-1.0937532186508179,0.10190892964601517,-0.4581620693206787,-0.1042184978723526,-1.0271848440170288,0.6116005778312683,-0.5931388735771179,-0.08742601424455643,-0.7285603284835815,-0.7352157235145569,-2.800708770751953,-1.2267413139343262,0.18768051266670227,0.46772637963294983,-0.8705587387084961,1.400436520576477,-1.1759458780288696,-1.6254833936691284,2.1321966648101807,-0.07488465309143066,0.6803950071334839,-2.857898473739624,-0.4439047574996948,0.06164250150322914,0.098667673766613,-0.3054518699645996,-0.012823517434298992,0.06985379755496979,0.07034460455179214,-0.39858508110046387,-0.24625352025032043,1.7879931926727295,-0.14221642911434174,-0.3469645380973816,1.4487440586090088,0.43723344802856445,0.39406609535217285,-0.04676700755953789,0.5613889098167419,0.737762451171875,0.8496375679969788,-0.7128337025642395,-0.5651727318763733,0.5137489438056946,0.08582750707864761,-0.45695990324020386,-0.21230684220790863,1.0025395154953003,0.047732818871736526,-0.6716612577438354,-0.43721938133239746,1.124179482460022,0.29861247539520264,-1.6884328126907349,0.49415692687034607,0.6707736253738403,-0.033757127821445465,-0.6854991912841797,0.04039834067225456,0.8390952944755554,-0.4235868453979492,1.8120787143707275,-0.1861613392829895,-0.18787185847759247,-0.6186321973800659,-0.6779537796974182,-0.14082013070583344,0.5931580066680908,-0.6976830363273621,-1.1059901714324951,-0.45223233103752136,0.4960114359855652,-0.8319985866546631,-0.841597855091095,-0.33292120695114136,0.037460312247276306,-0.607146143913269,-0.9227847456932068,-0.083733931183815,0.891144335269928,-0.7934664487838745,0.5575709342956543,0.1458120197057724,-0.014407594688236713,-0.3815845549106598,0.9196735620498657,-0.1710681915283203,-0.09356653690338135,0.3475628197193146,-0.009024154394865036,1.0985493659973145,-0.9978210926055908,-0.30670979619026184,0.09123020619153976,-0.36468300223350525,-0.6526284217834473
S01_b5,S01,13,data/targets_real/07_beagle.jpg,data/candidates_ai/07_beagle/L2_5.png,data/candidates_ai/07_beagle/L4_5.png,0,0,0.1400907039642334,-0.28903329372406006,0.8599092960357666,1.28903329372406,0.0,0.00390625,-0.32618963718414307,-0.5534623861312866,0.024045806378126144,-2.121246576309204,-0.2893906235694885,-0.731350839138031,-1.6616231203079224,0.7871001362800598,-0.5095452666282654,2.384586811065674,0.006475512869656086,-0.10979172587394714,-0.5927456617355347,-0.1290740966796875,0.7002592086791992,-0.6425583958625793,-0.7195255160331726,-0.5151604413986206,0.10730874538421631,-0.3774855434894562,-0.9504573345184326,-1.9789741039276123,-0.42366352677345276,-0.6217498779296875,-0.5719239115715027,-0.3260039985179901,0.14364348351955414,-1.490524172782898,-0.5218265652656555,-0.6602823734283447,-2.3703699111938477,1.3460568189620972,-0.5993119478225708,-0.15579837560653687,-0.5645800828933716,-0.25657495856285095,-0.6232485175132751,-0.6295679807662964,-1.2052538394927979,1.116860270500183,-0.28878217935562134,0.20934410393238068,-0.23103518784046173,-0.7411418557167053,-1.0742641687393188,-1.130820870399475,-0.7593530416488647,0.2197926789522171,-0.1406206488609314,0.5046229362487793,-0.7799232602119446,-0.532803475856781,-0.6364606022834778,-0.30494946241378784,-0.5518099665641785,-1.2359216213226318,-0.5200310349464417,-0.3183835446834564,-0.1960790455341339,-0.23504164814949036,-0.9316601753234863,2.4528427124023438,-1.198185682296753,0.997226357460022,-0.21344152092933655,0.06063755601644516,-1.394515872001648,2.3929283618927,-0.33369699120521545,-1.4003045558929443,-1.0719512701034546,-0.40980032086372375,0.21944169700145721,-0.43633079528808594,-1.7821274995803833,0.269058495759964,0.08612725138664246,-2.135504722595215,-0.6063498258590698,-0.4497787058353424,1.4164576530456543,-0.8032262325286865,-0.6874598264694214,-0.08389472961425781,0.5807786583900452,-0.6435075998306274,0.570092499256134,-0.24211560189723969,0.2785956859588623,-0.5005407333374023,-0.7213248014450073,0.6007687449455261,0.5245431661605835,0.2911609411239624,0.3042060434818268,-0.17288777232170105,0.4882464110851288,0.04686173424124718,-1.1463723182678223,0.4793998897075653,1.5895222425460815,-1.5196224451065063,-1.1829123497009277,-0.2308977246284485,0.41067418456077576,-0.29735758900642395,-2.7012088298797607,-0.5682197213172913,-0.9099287390708923,-1.1226009130477905,0.10719035565853119,-0.08488371968269348,0.37015026807785034,-0.15910392999649048,-3.4107320308685303,-1.0104695558547974,-0.48360657691955566,-1.0069987773895264,1.4853386878967285,-0.13825465738773346,0.1146145686507225,-0.8608372807502747,-2.5465011596679688,-0.31797176599502563,0.5437489748001099,0.13980844616889954,-0.9370387196540833,-0.033030226826667786,0.5566030144691467,0.5654726624488831,-0.24117977917194366,-0.7930253148078918,1.0811609029769897,-0.05985122174024582,0.3859314024448395,1.1078237295150757,0.35202556848526,-0.8399469256401062,0.21668846905231476,0.5883507132530212,-0.7455600500106812,2.297305107116699
S01_b5,S01,14,data/targets_real/05_shiba_inu.jpg,data/candidates_ai/05_shiba_inu/L2_1.png,data/candidates_ai/05_shiba_inu/L3_5.png,0,0,0.6948486566543579,-0.37469327449798584,0.3051513433456421,1.3746932744979858,0.0078125,0.0,-0.9606644511222839,-0.23150300979614258,-1.0186569690704346,-2.069136619567871,-0.7222118377685547,-0.7824740409851074,-0.41417545080184937,-0.7470300197601318,-0.10333315283060074,-1.152047038078308,-0.05978243052959442,-2.119943857192993,-0.30038756132125854,-0.5219929218292236,-1.4629372358322144,-4.388219356536865,-0.19415682554244995,-1.2012665271759033,-1.5120805501937866,-0.8147157430648804,-0.7418520450592041,-0.5212650299072266,-0.9220296740531921,-1.7798397541046143,-0.14338091015815735,-0.7551236152648926,-0.28328755497932434,-2.8548145294189453,-1.692121148109436,-2.1506447792053223,-2.580906867980957,-0.38047802448272705,-0.18925519287586212,-0.8815566301345825,-1.0874420404434204,-1.25935697555542,-0.8517157435417175,-1.3646873235702515,-0.2325766533613205,-0.24122612178325653,-0.03374268859624863,-0.5843336582183838,-1.2325258255004883,-0.8455198407173157,-1.2774161100387573,-0.20556148886680603,-0.8358700275421143,-2.392341136932373,-0.19391444325447083,-0.6018486618995667,-2.1580920219421387,-1.62352454662323,-0.7839279174804688,-1.6314352750778198,-0.6370742321014404,-2.3412303924560547,1.144789695739746,0.6887037754058838,-0.6990949511528015,-0.8800297975540161,0.6544908881187439,1.2220302820205688,-0.0005291716079227626,-2.007786273956299,0.14568528532981873,-0.317569762468338,-0.9927687644958496,2.4174742698669434,-0.8704577088356018,0.12322874367237091,1.613888144493103,-1.0177799463272095,0.003955470398068428,-0.38102713227272034,-4.294521331787109,-0.8341609239578247,-0.2255410999059677,-1.4088802337646484,-1.815934658050537,-0.5947134494781494,1.0773371458053589,-2.0262451171875,-3.2586748600006104,-1.1038596630096436,-0.5457168817520142,-1.4808552265167236,-2.3469982147216797,-1.1406978368759155,-0.5534157156944275,-0.862605094909668,-0.49492064118385315,-0.9046430587768555,-0.8970671892166138,-1.3170539140701294,0.06553445756435394,-0.8794749975204468,-0.5847298502922058,0.04455934092402458,0.1361512690782547,-1.8249309062957764,-0.5138005018234253,-3.573333263397217,-3.1780965328216553,-1.1029788255691528,-0.7855251431465149,-0.47550415992736816,-1.6755651235580444,-0.9400871992111206,-0.8848670721054077,-1.6501805782318115,-0.16107705235481262,-0.9724525809288025,-0.927064836025238,-0.887904942035675,-2.0270628929138184,-1.4114867448806763,-0.6522721648216248,-1.472938060760498,-1.3863526582717896,-0.9629371166229248,-0.8710781931877136,-1.527696967124939,-2.022036075592041,-1.0503147840499878,-0.27838680148124695,-0.5468268990516663,-1.2723385095596313,0.14906775951385498,-0.04300905764102936,0.29777517914772034,-0.37685301899909973,-0.4425707161426544,2.3312020301818848,-1.0246020555496216,1.1786162853240967,2.564406633377075,0.6031101942062378,-1.8966429233551025,-2.4549801349639893,-0.26627257466316223,-0.6551263928413391,0.4819072484970093
S01_b5,S01,15,data/targets_real/05_shiba_inu.jpg,data/candidates_ai/05_shiba_inu/L3_2.png,data/candidates_ai/05_shiba_inu/L2_3.png,0,1,-0.21823227405548096,0.3553074598312378,1.218232274055481,0.6446925401687622,0.0,0.015625,-0.5564337968826294,-0.5282087326049805,-0.6064376831054688,-1.7193279266357422,0.0074156830087304115,0.4199591875076294,-2.479940414428711,0.22153924405574799,-0.6552830934524536,0.3497260808944702,-0.9557821750640869,-2.0965490341186523,-0.8320823907852173,-0.4581393897533417,-0.3733648657798767,-0.8847518563270569,-1.0599064826965332,-0.5259270668029785,0.04189421609044075,-0.6553381085395813,-0.8405589461326599,-0.8460429310798645,-2.4908041954040527,0.21433711051940918,-0.7048419117927551,-1.2925482988357544,-0.3651553988456726,0.6908866763114929,-1.1229997873306274,-2.3167765140533447,-2.7096941471099854,-0.8827332854270935,-0.9030470848083496,-0.31370779871940613,-0.08890914916992188,-0.8800005316734314,-0.486164391040802,-1.2707858085632324,0.21962547302246094,-1.0122419595718384,-0.7539263367652893,-0.5039006471633911,-0.48600679636001587,-1.0635474920272827,-0.9382935762405396,-1.3646522760391235,-0.36209091544151306,-0.2687728703022003,-0.824155867099762,-0.5536638498306274,-0.9873193502426147,-1.3106623888015747,-1.0218015909194946,-0.33404311537742615,-0.9886860847473145,-0.429772287607193,0.14538735151290894,-1.4056681394577026,0.47465750575065613,1.6094601154327393,-0.8346268534660339,1.6663020849227905,-0.6112141013145447,1.02391517162323,1.9825823307037354,0.4624323844909668,-0.9613408446311951,-1.2986199855804443,-0.6523981690406799,0.8544521331787109,-0.026333678513765335,-0.22842665016651154,-0.12606586515903473,-0.3262708783149719,-0.42114365100860596,1.873443841934204,1.1035094261169434,-0.23767663538455963,1.56391179561615,1.7892817258834839,2.846487045288086,0.19469444453716278,-1.0067722797393799,5.0027055740356445,2.2708005905151367,1.0532013177871704,1.2213184833526611,5.307851314544678,2.629267930984497,2.9528839588165283,3.3008413314819336,1.7843533754348755,2.3669419288635254,1.1167775392532349,1.525244116783142,3.860311508178711,2.2214555740356445,2.1796441078186035,3.473158836364746,6.097953796386719,2.3601620197296143,2.007566452026367,2.6703202724456787,4.189008712768555,2.7945096492767334,3.547605276107788,3.761833906173706,2.2505643367767334,0.9617484211921692,0.822672963142395,2.0572736263275146,4.317208766937256,2.8265914916992188,2.817596673965454,3.746192693710327,0.7244216799736023,0.7935400009155273,0.6313172578811646,2.4367520809173584,4.631458282470703,2.546624183654785,2.4715864658355713,2.8239259719848633,2.000596046447754,2.406895875930786,1.304133415222168,1.0475159883499146,-1.799573540687561,-1.7217481136322021,-0.7497146129608154,2.02982234954834,0.1520625352859497,1.5747345685958862,0.9740496277809143,1.1977226734161377,1.8280142545700073,-1.990343689918518,-1.5699201822280884,-1.3252235651016235,1.6762582063674927,1.3473862409591675,0.4198298156261444
S01_b5,S01,16,data/targets_real/10_pembroke_welsh_corgi.jpg,data/candidates_ai/10_pembroke_welsh_corgi/L2_5.png,data/candidates_ai/10_pembroke_welsh_corgi/L1_0.png,0,1,-0.6424088478088379,0.10819017887115479,1.642408847808838,0.8918098211288452,0.0,0.0,-0.7926269769668579,-0.24689781665802002,-0.2604881227016449,-0.7922476530075073,-0.5916286110877991,-0.5528354644775391,0.41528382897377014,-1.007094144821167,-0.7784185409545898,1.064605712890625,-0.4571850597858429,-1.2631316184997559,-0.3803347647190094,-0.5680239796638489,1.1210168600082397,-2.2110395431518555,-0.4379308223724365,-0.7004616260528564,0.3689202666282654,0.3780103623867035,-0.26499104499816895,1.582217812538147,0.7593908309936523,1.2640882730484009,-0.39986929297447205,-0.11748028546571732,0.21280859410762787,0.7585260272026062,-0.7758129835128784,0.944970428943634,1.6077934503555298,-0.5647732615470886,-0.5653548836708069,-0.3456653356552124,0.20421119034290314,-0.7207976579666138,-0.7881312370300293,-1.081714153289795,-1.1263240575790405,-0.11397851258516312,-0.47909125685691833,0.12225718796253204,0.08910239487886429,-1.1184881925582886,-1.135109305381775,-0.653219997882843,-0.9292842149734497,0.4634665250778198,-0.7127598524093628,-0.5124087333679199,-0.594538152217865,-1.1131162643432617,-0.6004250645637512,-0.5976085662841797,0.0495411641895771,-0.43216708302497864,1.7537949085235596,0.12645748257637024,0.6004855632781982,-0.4765183627605438,0.45306822657585144,-0.08930231630802155,-1.041006326675415,2.3601577281951904,0.3015711009502411,0.8939945697784424,0.5750197768211365,-1.1297461986541748,-0.15951424837112427,-1.4467145204544067,1.5581347942352295,-1.1242839097976685,-0.9048799872398376,-0.7535800933837891,-4.00455904006958,-0.8888497352600098,-0.7653794884681702,-1.5886690616607666,-1.2281111478805542,-1.0516725778579712,-0.30682572722435,-1.4016573429107666,-1.3950105905532837,-1.2764064073562622,-0.807418942451477,-0.014515203423798084,-2.57613468170166,-1.0380654335021973,-1.254359245300293,-0.08244910091161728,-1.4004663228988647,-0.9259323477745056,-2.018174409866333,0.5182204842567444,-0.4284350872039795,-0.9813870191574097,-0.681807279586792,-0.7563731670379639,-1.294334053993225,-1.9701985120773315,-3.885349750518799,-0.6198201775550842,-1.5530385971069336,-1.0864313840866089,-0.659017026424408,-1.23239004611969,-1.5133216381072998,-1.134321928024292,0.23303404450416565,-1.5480180978775024,-0.6750921607017517,-0.9557317495346069,-0.8752535581588745,-0.99415123462677,-1.4560238122940063,-1.3390741348266602,-0.8701136112213135,-2.4093024730682373,-0.8168374300003052,-0.9451806545257568,-0.7816632986068726,-1.7925535440444946,-1.1948206424713135,-0.9709925651550293,-0.6564308404922485,-0.017496934160590172,-1.7007218599319458,0.3465682566165924,0.3508116602897644,0.4558614194393158,0.32161182165145874,-0.21872425079345703,2.533294677734375,-0.6628726720809937,2.26869797706604,0.26162055134773254,-1.7196589708328247,0.5844276547431946,0.08548204600811005,-1.2065964937210083,-0.10593802481889725,0.6234990358352661
S01_b5,S01,17,data/targets_real/11_labrador_retriever.jpg,data/candidates_ai/11_labrador_retriever/L3_2.png,data/candidates_ai/11_labrador_retriever/L2_2.png,0,0,-0.08571094274520874,-0.42222392559051514,1.0857109427452087,1.4222239255905151,0.0,0.0,-0.6344228386878967,-0.3985343277454376,-0.8096787333488464,-1.679263710975647,0.02317538857460022,0.6572655439376831,-0.22294136881828308,-1.381925106048584,-0.9424245357513428,0.3692845404148102,-0.19276012480258942,-0.9371683597564697,-0.6752459406852722,0.4377562999725342,0.36174246668815613,-0.23522807657718658,-0.9932657480239868,-0.7117283940315247,-0.3108334243297577,0.8258283138275146,-0.6565108895301819,-0.6787102222442627,-1.2594287395477295,-0.8291003704071045,-0.6451470851898193,0.034808382391929626,0.20574171841144562,1.6689934730529785,-2.1442503929138184,-0.2697359025478363,-4.0178303718566895,-2.888512134552002,-0.8906402587890625,-0.4294106662273407,0.6155588030815125,0.1251259744167328,-0.5480435490608215,-0.8854103088378906,-0.7313052415847778,-1.0455809831619263,-0.6572359204292297,-0.02586888149380684,0.06018670275807381,1.2651121616363525,-0.8936343193054199,-0.8837031722068787,-1.0318156480789185,2.4480466842651367,-0.5897399187088013,0.11508790403604507,-0.37784257531166077,0.6770343780517578,-1.0826590061187744,-0.49720171093940735,-1.0652793645858765,-0.1919855773448944,0.46525466442108154,-0.4479680061340332,-0.9503188133239746,1.772714376449585,0.5784730911254883,0.3923855721950531,0.2683112323284149,0.8354863524436951,0.971502959728241,-0.25732526183128357,-2.318624258041382,-3.6905643939971924,0.14814719557762146,-1.5803295373916626,-0.14719319343566895,-0.8942694664001465,-0.6068187952041626,-1.4584203958511353,-2.317272663116455,-0.8289344310760498,-0.5062992572784424,-0.624104380607605,-0.7650195956230164,-0.7862541675567627,0.9680511951446533,0.20016080141067505,-2.554534673690796,-1.0526621341705322,-0.2749099135398865,0.04446331784129143,-2.10955810546875,-0.7884091138839722,-0.4350537657737732,-1.7184209823608398,0.417431116104126,-0.6639828085899353,-1.6776962280273438,-1.1636377573013306,0.49534061551094055,-0.80804842710495,0.3541196286678314,-1.0000494718551636,-1.0861868858337402,0.1988551765680313,3.4149515628814697,3.2686917781829834,1.9290285110473633,-0.8438885807991028,0.4913201332092285,-0.9367541074752808,-0.3486325442790985,-0.9755501747131348,-1.4483755826950073,-0.45894935727119446,-0.6651060581207275,-0.6896941065788269,0.10094043612480164,-0.9242509603500366,0.18234796822071075,-1.071165680885315,-1.204768180847168,0.33664798736572266,0.5839052796363831,-0.6547286510467529,0.17542563378810883,-0.9528671503067017,-0.09422066807746887,-0.859277069568634,0.15517881512641907,-0.009880069643259048,-0.8552752733230591,-0.44288137555122375,0.7188829779624939,0.09573885053396225,0.22710734605789185,0.9199782609939575,1.4239038228988647,-0.7070427536964417,-0.2629687190055847,1.8667700290679932,1.9231218099594116,2.881687641143799,2.437828302383423,0.17371517419815063,-0.09279508888721466,-0.40072742104530334
S01_b5,S01,18,data/targets_real/02_poodle.jpg,data/candidates_ai/02_poodle/L4_2.png,data/candidates_ai/02_poodle/L0_3.png,1,1,-0.5224481225013733,1.0,1.5224481225013733,0.0,0.00390625,0.00390625,-0.818708062171936,-0.16446855664253235,-0.018201716244220734,-0.9389852285385132,-0.48192542791366577,0.3448987603187561,-2.1927921772003174,1.562206506729126,-0.6002421975135803,0.6232264041900635,-0.30797627568244934,-1.0618172883987427,-0.6470674872398376,0.5242958664894104,0.035628851503133774,-2.387981414794922,-0.3546043634414673,0.4939877986907959,0.37022021412849426,-1.2895220518112183,-0.7070311307907104,-0.5158836245536804,0.00815577618777752,0.08421064168214798,-0.1425638049840927,1.2503412961959839,0.11856517195701599,0.4650876820087433,3.175476551055908,0.9606321454048157,-3.5789384841918945,-1.1597126722335815,-0.34536013007164,1.0355671644210815,0.012398201040923595,-1.4869318008422852,-1.1620737314224243,0.2096201777458191,-1.21533203125,-0.06465218216180801,-0.19519971311092377,1.1774605512619019,-0.497808575630188,-1.7995378971099854,-1.0608817338943481,0.07116342335939407,-0.06126291677355766,-0.02132330648601055,-0.341428279876709,0.8596150279045105,-0.41289249062538147,-2.034179449081421,-0.5862980484962463,0.5173599720001221,0.3092556893825531,-1.2922487258911133,-0.8913159966468811,-0.28852519392967224,0.7213366031646729,0.8523894548416138,-1.1862707138061523,2.023725748062134,0.24014770984649658,0.5543517470359802,-0.028161458671092987,-1.391418695449829,-1.9880014657974243,-1.2881358861923218,0.5939334034919739,0.3495182394981384,2.1296775341033936,-0.8167932033538818,-0.08180476725101471,-0.5148555040359497,-2.4129114151000977,-0.6746283173561096,-0.668526828289032,-0.7100769281387329,-1.0685842037200928,-0.5371657013893127,0.4690520167350769,-1.2480100393295288,-2.408522844314575,-0.8670580387115479,-0.6920992732048035,-0.4570278227329254,-3.547496795654297,-1.0583314895629883,-0.2412138283252716,-1.4315491914749146,-0.27368587255477905,-1.144344449043274,-2.393040657043457,-0.9175546765327454,-0.3415488302707672,-0.8475804924964905,-0.805626392364502,-0.0529097244143486,-0.5663504004478455,-0.38978931307792664,1.2056623697280884,0.49404793977737427,-2.3910670280456543,-0.9956715106964111,-0.5787057876586914,0.0037422983441501856,-1.5254037380218506,-0.654560387134552,-0.31747010350227356,0.4384351074695587,-0.28816092014312744,-0.8746249675750732,-0.2550782561302185,0.24956046044826508,-2.425907611846924,-1.1886827945709229,-0.5235901474952698,-0.2862662076950073,-0.6211707592010498,-0.9653750061988831,-0.713245689868927,-1.0238924026489258,-2.676072120666504,-0.9647495746612549,-0.3038918673992157,-0.8102090358734131,-1.6499371528625488,-1.0880241394042969,0.6274310946464539,-0.07334351539611816,-0.9540230631828308,0.056304916739463806,1.272491216659546,-0.896744966506958,1.3808592557907104,0.9307470917701721,2.241790533065796,0.31811362504959106,-1.2154470682144165,-0.352448046207428,0.3375089466571808,0.1605168879032135
S01_b5,S01,19,data/targets_real/14_chihuahua.jpg,data/candidates_ai/14_chihuahua/L4_4.png,data/candidates_ai/14_chihuahua/L1_5.png,0,1,-0.09275639057159424,0.8989300727844238,1.0927563905715942,0.10106992721557617,0.0,0.0,-0.21910423040390015,0.040300000458955765,-0.04813819378614426,-0.5043162703514099,0.1963413804769516,0.6707627773284912,-2.7599542140960693,-0.9114089608192444,-0.6521151065826416,0.6170759797096252,-0.9977342486381531,-0.8254387378692627,-0.9840179681777954,-0.32438305020332336,-1.2501270771026611,-1.6487419605255127,-1.0100927352905273,-1.707803726196289,-0.4511563181877136,0.2929176092147827,-1.120863914489746,-1.9912912845611572,-2.623971462249756,-0.7544555068016052,-0.9029399156570435,-1.0925393104553223,-0.4661424160003662,-0.29049772024154663,-0.15898601710796356,-1.246838927268982,-1.8724846839904785,-0.33188995718955994,-1.0005067586898804,-1.2144309282302856,-2.19317626953125,-0.4653134346008301,-0.18960395455360413,-0.927226722240448,-0.9388468265533447,0.3139808773994446,-0.8547784090042114,-0.9626259207725525,-1.1002203226089478,-0.8694779872894287,-0.9264190196990967,-0.43032580614089966,-0.7288246750831604,0.3214549720287323,-0.7355841398239136,-0.4550527036190033,-1.4980576038360596,-0.47055351734161377,-1.0393661260604858,-0.4846312999725342,-1.0944608449935913,-0.9583613872528076,0.9074945449829102,-1.0888113975524902,-0.6271153092384338,1.0300277471542358,-1.4712650775909424,-0.2657434046268463,-0.5985783934593201,-0.16938155889511108,0.08859483152627945,0.9154086112976074,-0.40872877836227417,0.03138866275548935,-0.21730704605579376,-2.5003795623779297,0.09499898552894592,-0.699380099773407,-0.7553141713142395,-0.3374282419681549,-2.3996262550354004,-0.4640262722969055,-0.8978786468505859,-1.6256332397460938,-0.10609813779592514,-0.12507063150405884,1.3410204648971558,-0.6219179034233093,-2.0675110816955566,0.184505894780159,-0.041514914482831955,-1.5496196746826172,-1.6296087503433228,0.3502454459667206,0.06565926969051361,-0.07133340835571289,-1.303709626197815,-0.2733781635761261,0.28672343492507935,0.13012130558490753,0.4523297846317291,0.2802053391933441,0.6075640320777893,0.6417560577392578,-0.10049490630626678,0.7895355820655823,-1.7612037658691406,-0.3728516697883606,1.4089884757995605,0.19934219121932983,0.6026760935783386,-0.8508732914924622,-0.6722297668457031,-0.2887929677963257,-0.3899427056312561,0.27588722109794617,0.14436222612857819,0.5344100594520569,0.9944215416908264,-0.01618405058979988,-1.1347218751907349,-0.7764744758605957,-0.39227449893951416,-0.11277953535318375,-0.04405292868614197,0.44015440344810486,0.5544039011001587,-0.36244314908981323,-1.2541006803512573,-0.4354798197746277,-1.1682493686676025,-0.7014261484146118,-1.2891874313354492,0.08614611625671387,0.12815943360328674,0.9606070518493652,-0.15640123188495636,-0.5991179347038269,2.004699468612671,-0.6430144906044006,-1.2142976522445679,1.552247166633606,-2.318779706954956,-0.9595032334327698,1.1262996196746826,-0.3930702805519104,-0.25073206424713135,-0.6260735392570496
S01_b5,S01,20,data/targets_real/05_shiba_inu.jpg,data/candidates_ai/05_shiba_inu/L0_4.png,data/candidates_ai/05_shiba_inu/L4_1.png,1,0,1.0,-0.8234245181083679,0.0,1.823424518108368,0.0,0.0,-1.0519018173217773,-0.6770234107971191,-0.5924721360206604,-2.313385009765625,-0.6568552255630493,0.0008152092923410237,-0.7057819962501526,-2.4907379150390625,0.008795018307864666,3.5953731536865234,0.04543061926960945,-2.0192432403564453,1.2279627323150635,1.117141604423523,-1.3003156185150146,-3.248814105987549,1.5680036544799805,0.7677772641181946,-0.09105272591114044,0.43908223509788513,-0.3558153510093689,0.2772177457809448,0.03862329572439194,-1.3941659927368164,1.2599122524261475,1.1191376447677612,1.1625375747680664,0.6672082543373108,2.3473026752471924,-0.7296698093414307,-1.0238903760910034,0.24848990142345428,1.0582420825958252,1.23691725730896,-0.8147466778755188,-0.28379499912261963,-0.028923073783516884,-0.42860686779022217,0.2978880703449249,0.18719422817230225,1.3442176580429077,1.6787910461425781,-0.05052177980542183,0.425152987241745,-0.18762245774269104,-0.041219450533390045,0.3749310076236725,-0.31426477432250977,1.5903273820877075,1.253663182258606,-0.8893465399742126,-1.077980637550354,0.11436255276203156,-0.3218301236629486,-0.46884655952453613,-0.25062981247901917,-0.7638993859291077,0.0933484137058258,-1.105886697769165,1.1812934875488281,0.12582750618457794,0.08697450906038284,-0.5059335231781006,-1.94560706615448,0.6341489553451538,-2.417323589324951,-1.9179009199142456,-0.44819116592407227,0.48575639724731445,-2.1893298625946045,2.6749842166900635,-1.0834482908248901,-1.3787884712219238,-1.5010524988174438,-2.3178157806396484,-0.8714758157730103,-0.7511181831359863,-2.8390018939971924,0.13739128410816193,-0.6201597452163696,0.9326457381248474,-0.5263682007789612,-0.46712225675582886,-1.038813829421997,-0.9582552313804626,-1.1642696857452393,-3.025583028793335,-0.5109582543373108,-0.5254915356636047,0.31773990392684937,0.7882307767868042,-0.887894332408905,-1.8190139532089233,-0.8542761206626892,-0.7895984649658203,-0.8494345545768738,-0.7501753568649292,-0.47530463337898254,-0.11739222705364227,-1.7789338827133179,-1.5454033613204956,-2.1171951293945312,-0.9617019891738892,-1.000271201133728,-1.3574907779693604,-1.0929019451141357,0.34121018648147583,-1.2499104738235474,-2.6852669715881348,-0.9590074419975281,-0.16312941908836365,-0.8397429585456848,-0.8847458362579346,-0.5276399254798889,-0.28392210602760315,-1.3072576522827148,-1.7921115159988403,-0.9945563077926636,0.29731157422065735,-0.8432711362838745,-0.834862232208252,-0.6142942905426025,-1.0178759098052979,-1.0530757904052734,-0.4730404019355774,-0.0801105722784996,-0.35498756170272827,-0.41548100113868713,-0.722214937210083,-0.9059472680091858,1.170960545539856,-0.25726816058158875,2.1217153072357178,-1.3687065839767456,-0.8157863020896912,-1.063354730606079,0.12035579234361649,-0.5240148305892944,-0.5931164622306824,-1.031201958656311,1.0008808374404907,0.5213573575019836
S01_b5,S01,21,data/targets_real/04_german_shepherd.jpg,data/candidates_ai/04_german_shepherd/L4_0.png,data/candidates_ai/04_german_shepherd/L3_1.png,1,1,-0.4917229413986206,0.9117192029953003,1.4917229413986206,0.08828079700469971,0.0,0.0,-0.5259931683540344,0.2894759774208069,0.3784220218658447,-3.098297357559204,-0.28689298033714294,-0.22440943121910095,-2.240879535675049,-0.06554447114467621,-0.6048237085342407,2.3716092109680176,0.8101599812507629,-2.200653076171875,-0.8249701857566833,-0.06573976576328278,0.03851433843374252,-3.394207000732422,-0.7624850273132324,-0.33387240767478943,0.8509511947631836,1.6582483053207397,0.17321588099002838,-0.4869450330734253,-0.35740628838539124,-0.5173949003219604,-0.6541207432746887,-0.026306943967938423,-0.40367335081100464,0.691364586353302,-1.0863806009292603,0.48385003209114075,1.1484758853912354,-2.336827278137207,-0.75693279504776,-0.11686521768569946,1.1735188961029053,1.0121855735778809,-0.8127349019050598,-0.5034956336021423,-0.8094252943992615,1.611069917678833,-0.621804416179657,0.02046836167573929,0.09370218217372894,0.7458984851837158,-1.182283639907837,-0.1440180242061615,-0.7170331478118896,1.9150723218917847,-0.6178811192512512,-0.48700353503227234,0.3999386131763458,0.6226006150245667,-0.9698694348335266,0.3708166480064392,0.4190068244934082,0.6023775339126587,0.12117505073547363,-0.8704464435577393,-1.185335636138916,-0.8726187348365784,-1.5558626651763916,2.6435940265655518,-1.1295636892318726,-1.2679554224014282,0.7690677046775818,0.40091171860694885,1.0750186443328857,-2.3634862899780273,0.2445429265499115,0.8411227464675903,-0.9335433840751648,-1.0680608749389648,-0.6978614926338196,-0.8754828572273254,-3.1975278854370117,-0.8457309007644653,-0.37071046233177185,-3.7250678539276123,-1.5299179553985596,-0.9906617999076843,0.7020676732063293,-2.0540220737457275,-1.6890900135040283,-0.9557030200958252,-0.20543301105499268,-0.38009312748908997,-3.5827133655548096,-0.9410825371742249,-0.49972057342529297,-0.12080933898687363,-1.4674144983291626,-0.6092249155044556,-3.270458221435547,-3.945239543914795,-0.2286854386329651,-0.8077417612075806,-0.15170912444591522,-0.24594907462596893,-0.5527481436729431,-1.708485722541809,-1.2327876091003418,-1.4432648420333862,0.10196813941001892,-0.9990044832229614,-0.9091859459877014,-0.0025702936109155416,0.3175841271877289,-1.2217776775360107,-0.6600056886672974,-0.5713859796524048,-3.069798469543457,-0.8234134316444397,-0.7751089334487915,-0.2330556958913803,-0.41335025429725647,-1.1689907312393188,-0.607140064239502,-0.9785841703414917,-1.2413105964660645,-0.8239338994026184,-0.33235597610473633,-2.3094964027404785,-1.190440058708191,-1.0480560064315796,-0.3111521303653717,-0.23814356327056885,-0.269474059343338,-1.2823830842971802,-2.078331708908081,0.6164005398750305,0.6081908941268921,-1.2843406200408936,1.598288893699646,-0.5187808275222778,2.8081917762756348,0.07012856006622314,-0.6541521549224854,-0.45052799582481384,0.5966376066207886,-0.4446372091770172,0.6907185912132263,-0.16642014682292938
S01_b5,S01,22,data/targets_real/03_siberian_husky.jpg,data/candidates_ai/03_siberian_husky/L4_3.png,data/candidates_ai/03_siberian_husky/L2_5.png,0,1,-0.47922229766845703,0.08147227764129639,1.479222297668457,0.9185277223587036,0.0078125,0.0,-0.6503073573112488,0.016864998266100883,-0.5821490287780762,-2.4957962036132812,-0.22699232399463654,0.5341326594352722,-1.2897013425827026,-0.4915173351764679,-0.2468310445547104,1.5482203960418701,-0.06802964210510254,-1.0833429098129272,-0.9104181528091431,-1.2823792695999146,-0.004216756206005812,-0.4816465377807617,-0.9123356342315674,-1.8500540256500244,0.17941127717494965,0.25359290838241577,-0.5267407298088074,-2.3606984615325928,-0.7634849548339844,-0.04563505947589874,-0.7572052478790283,-0.7570950984954834,1.0535469055175781,0.8985503315925598,2.664633274078369,-0.3421632945537567,-1.4712060689926147,0.45785415172576904,-0.9323135018348694,-1.180046796798706,-0.726561963558197,0.04928286001086235,-0.4486406445503235,-0.605148434638977,-0.2917044460773468,0.48694804310798645,-0.7318820953369141,-0.9819216132164001,-0.102281354367733,-0.0516577884554863,-0.9436498880386353,-0.4283134639263153,0.5633272528648376,-1.4362108707427979,-0.6937373280525208,-0.8772652745246887,0.036270659416913986,0.18309426307678223,-0.6585578322410583,-0.9921886324882507,0.9035250544548035,-0.35814788937568665,0.8658605217933655,-0.5627030730247498,-0.16017241775989532,0.8467546105384827,-0.2031927853822708,1.7904953956604004,-1.966354489326477,0.105056531727314,1.0114315748214722,1.0191057920455933,-2.018369436264038,-0.5134049654006958,-0.17625676095485687,-0.7975219488143921,1.6515058279037476,-0.833633542060852,-1.3631014823913574,-1.643487572669983,-1.569754719734192,-0.6670103669166565,-0.8899928331375122,-1.99918532371521,-0.17559364438056946,1.99813711643219,3.557713747024536,-0.7860913872718811,-0.7590599060058594,-0.6621047258377075,0.33912214636802673,-0.013745537959039211,-0.2003413736820221,-1.112286925315857,-0.6503452658653259,-0.006469982210546732,-1.7082934379577637,-0.7212154865264893,-3.244020700454712,-0.814301609992981,-0.3016817271709442,-0.5975610017776489,-0.2528708279132843,-0.8673183917999268,0.29360345005989075,4.638733863830566,-0.40910276770591736,-1.754439353942871,0.4879607558250427,-0.9641039967536926,-0.21222637593746185,-1.77919340133667,-1.191504955291748,-1.1201905012130737,-2.4684226512908936,-1.775578498840332,-0.7273694276809692,-0.7248662710189819,-0.5396501421928406,-0.8732807040214539,0.08651722222566605,-1.469903588294983,-1.4742745161056519,-2.049189805984497,-1.4886934757232666,-0.8836979866027832,-0.8940036296844482,-1.5814608335494995,-0.6074872016906738,-0.5603788495063782,-0.2141813188791275,-1.025406837463379,-1.6960227489471436,-1.085972547531128,-0.4435844421386719,0.6952455639839172,0.9158216118812561,0.3263547420501709,1.2293505668640137,-1.2604576349258423,1.264286994934082,0.7816446423530579,0.12301677465438843,0.131736159324646,0.07992419600486755,-0.3843538761138916,0.5846356749534607,1.8373446464538574
S01_b5,S01,23,data/targets_real/05_shiba_inu.jpg,data/candidates_ai/05_shiba_inu/L1_3.png,data/candidates_ai/05_shiba_inu/L3_2.png,0,0,0.7384600639343262,-0.21823227405548096,0.26153993606567383,1.218232274055481,0.0078125,0.00390625,-0.31621065735816956,0.542324423789978,-0.827201247215271,-1.0991020202636719,-0.3425157964229584,0.7184054255485535,-0.5587420463562012,-0.7663457989692688,-0.14889489114284515,-0.9361118674278259,0.026319971308112144,-1.7266572713851929,-0.664454460144043,-0.6755679249763489,-0.22712086141109467,-2.447122097015381,2.4548776149749756,2.5034468173980713,3.6679842472076416,3.2334892749786377,-0.32228168845176697,0.15745437145233154,-0.30812162160873413,0.9551705718040466,-0.6331433653831482,-0.21771930158138275,-1.1643038988113403,-0.4926643967628479,1.0042086839675903,-0.9558131694793701,0.9749298691749573,0.7606380581855774,-0.839314877986908,-0.3556939363479614,0.10030185431241989,-1.1858985424041748,-0.12598727643489838,0.23987936973571777,-0.2080872803926468,2.3593878746032715,-0.7170513868331909,-0.7309677004814148,-1.0270941257476807,-0.7360431551933289,-0.7038078308105469,0.5286429524421692,-0.09548512101173401,3.381600856781006,-0.5066866874694824,-0.32823386788368225,-1.8941962718963623,0.8560848236083984,-0.7740988731384277,-0.28879332542419434,0.11233234405517578,-1.390495777130127,-2.9206924438476562,-3.0728940963745117,-1.0739613771438599,0.23321928083896637,0.4095609784126282,0.36357271671295166,-0.24971455335617065,-0.36986207962036133,0.7183632254600525,-0.33909347653388977,1.8947553634643555,1.0220516920089722,-0.0040980069898068905,-1.6680034399032593,1.1394073963165283,-0.6916834115982056,-0.2652471661567688,0.23302480578422546,-1.6860039234161377,0.3871176242828369,0.7403276562690735,1.9566550254821777,0.8596594333648682,-0.4628312289714813,1.5890560150146484,1.4219368696212769,-0.9441601634025574,0.08991876244544983,0.6308743953704834,0.6475209593772888,-0.8738905787467957,1.0650708675384521,1.0874296426773071,-0.31536978483200073,0.6232128143310547,0.029327865689992905,-0.16000321507453918,1.3748944997787476,1.7024495601654053,-0.2872680425643921,0.27862879633903503,-0.08542592078447342,0.8686825037002563,0.7334383726119995,-0.367879182100296,-3.3185296058654785,-0.9247894287109375,-0.128621906042099,1.1872395277023315,0.5128592848777771,0.36169636249542236,-0.186714768409729,-0.38221102952957153,1.1332963705062866,0.7603697776794434,0.05163022130727768,1.3083990812301636,0.502507746219635,0.12443385273218155,-1.09466552734375,-0.9565664529800415,0.5525467395782471,-0.21996372938156128,0.19123908877372742,1.0872783660888672,0.4819432199001312,-0.26803916692733765,-0.5697239637374878,-0.5202918648719788,-0.014823936857283115,-0.6746938824653625,-1.400206446647644,1.0072160959243774,0.7495832443237305,1.6766618490219116,0.8709231615066528,2.1304311752319336,-0.08764229714870453,-1.3908106088638306,0.6398383975028992,-0.7391283512115479,-1.609811782836914,-1.4973102807998657,0.3877337574958801,1.6714781522750854,0.8533097505569458
S01_b5,S01,24,data/targets_real/05_shiba_inu.jpg,data/candidates_ai/05_shiba_inu/L4_0.png,data/candidates_ai/05_shiba_inu/L0_5.png,0,1,-0.5486043691635132,0.8307356834411621,1.5486043691635132,0.1692643165588379,0.00390625,0.0,-0.9259530305862427,-0.5993891954421997,-0.0002789777936413884,-0.7782608270645142,-0.33613958954811096,-0.34531262516975403,0.14571243524551392,-1.0232583284378052,0.7458006739616394,3.395798683166504,1.1041667461395264,-1.549842119216919,-0.32422909140586853,-0.6578775644302368,0.0075380876660346985,-1.6101644039154053,0.1320694535970688,-1.2693225145339966,1.3716274499893188,-0.8168355226516724,0.43658483028411865,-0.791310727596283,0.5637723803520203,0.8816871643066406,-0.21577084064483643,-0.7794676423072815,0.6604419350624084,-0.3360128104686737,0.27854272723197937,-1.753369688987732,2.7897791862487793,0.4161069691181183,-0.23243814706802368,-0.32211726903915405,1.4887357950210571,-1.3805201053619385,-0.44133734703063965,-0.4877798557281494,-1.2980234622955322,-0.3479840159416199,-0.24385210871696472,-0.1551082730293274,0.5576105713844299,-0.9174448251724243,-0.9848587512969971,-1.0924674272537231,-0.2885732352733612,-1.4696104526519775,-0.3189845681190491,-0.5131435394287109,0.10408379882574081,-1.4087241888046265,-0.5958948135375977,-0.4973353147506714,0.7310187220573425,-0.1263754814863205,1.0711314678192139,-0.7749496698379517,0.9787879586219788,0.47822803258895874,0.08011656254529953,-0.11395592242479324,-2.1763405799865723,-1.7927922010421753,0.9568186402320862,0.016215570271015167,0.6496666073799133,0.6219140887260437,-0.4836825132369995,2.9733574390411377,-1.0108715295791626,-0.6783257722854614,-0.5187847018241882,-0.9509280920028687,-1.8543343544006348,-0.5537762641906738,0.08356699347496033,-2.09415864944458,0.5157973766326904,0.006405504886060953,1.0950809717178345,-1.1647647619247437,-0.8762563467025757,-0.8532701730728149,-0.44845589995384216,-0.302025705575943,-3.0290422439575195,-0.7860957384109497,-0.326056569814682,-0.24086181819438934,0.22820766270160675,0.1149837002158165,-0.5231242775917053,-1.3407926559448242,0.9387352466583252,-0.5144655108451843,-0.3999633193016052,-1.170525312423706,0.39316171407699585,-0.8702131509780884,0.1640273928642273,-1.974516749382019,-0.9698743224143982,-0.679098904132843,0.05739983543753624,-1.4421207904815674,-0.6988398432731628,-1.085569977760315,-1.8445913791656494,-1.1138720512390137,0.20096933841705322,-0.6033197641372681,-0.31550976634025574,-0.8197734355926514,-1.1028234958648682,-1.3601608276367188,-2.1275126934051514,-2.466388702392578,0.18173585832118988,-0.6234543323516846,-0.7304071187973022,-0.7117434144020081,0.09998612850904465,-0.9076635241508484,-0.7928319573402405,-1.0509227514266968,-0.4829194247722626,0.09093749523162842,-0.5481827259063721,0.4731442928314209,1.0412449836730957,-0.3250364363193512,2.011090040206909,-0.9361289739608765,1.4679553508758545,-0.5864279270172119,0.792586624622345,0.3806608319282532,-1.0812472105026245,-0.19586333632469177,-0.6279820203781128,1.580155611038208
S01_b5,S01,25,data/targets_real/14_chihuahua.jpg,data/candidates_ai/14_chihuahua/L3_5.png,data/candidates_ai/14_chihuahua/L4_3.png,0,0,0.552733302116394,-0.45580875873565674,0.44726669788360596,1.4558087587356567,0.0,0.0,-0.7409730553627014,-0.3488406240940094,-0.4306122958660126,-2.934072494506836,0.018786972388625145,0.33009257912635803,-0.30108675360679626,-0.14217609167099,-0.672748863697052,0.1700468361377716,-0.39676663279533386,-1.7482190132141113,-0.704929530620575,-0.8949867486953735,-1.1882842779159546,-1.6131402254104614,-0.7357534766197205,-0.3106856942176819,-0.5919251441955566,-1.3286826610565186,-0.31395018100738525,-0.828239917755127,-2.19004487991333,-1.2576299905776978,-0.5924567580223083,-0.4849121868610382,-0.1452789604663849,-0.732384204864502,-1.1805170774459839,-1.747033953666687,-2.458451509475708,-0.6060861349105835,-0.6292668581008911,0.2132698893547058,-0.6849640607833862,-1.4515900611877441,-0.4709652364253998,-0.5091995000839233,-0.139832004904747,0.15908557176589966,-0.4695817530155182,0.3000991642475128,-0.42994174361228943,-1.2538505792617798,-0.9626432061195374,-0.8680164813995361,-0.4703117311000824,-1.5198475122451782,-0.6041905879974365,-0.04135258123278618,-0.20234191417694092,-2.1835179328918457,-0.7503148913383484,0.16004596650600433,-0.5890479683876038,-1.480483055114746,-0.10327141731977463,-0.7382897734642029,-0.10373971611261368,1.1494371891021729,0.2075982391834259,2.4415688514709473,-0.9637190699577332,-1.0620503425598145,1.1873759031295776,-0.4737553596496582,-1.0945743322372437,0.24797558784484863,-0.4592602849006653,0.3981393277645111,0.6886669397354126,-0.7706891894340515,0.0965396910905838,-1.0993965864181519,-2.274930477142334,-0.48995596170425415,-0.22295907139778137,-1.9286301136016846,-0.7550334930419922,-0.8157559633255005,0.5360569953918457,-1.1548093557357788,-1.7579843997955322,-1.1210534572601318,-1.5570982694625854,-0.34699952602386475,-1.9567631483078003,-1.0813143253326416,-1.2111470699310303,-0.6628057956695557,-0.2188549041748047,-1.1331024169921875,-1.3610785007476807,-2.0094194412231445,-0.464860737323761,-0.8491793274879456,-0.8146001696586609,0.06845447421073914,0.2786645293235779,-0.7950212955474854,-0.648885190486908,-3.192944049835205,-0.9891715049743652,-1.0187232494354248,-1.3835442066192627,-2.7289345264434814,0.23681093752384186,-0.3931863009929657,-0.13379356265068054,-0.8633549809455872,0.9544854164123535,-0.859747052192688,-0.9329221844673157,-1.1604406833648682,-0.4844135642051697,-1.0853604078292847,0.09856163710355759,-0.08904425799846649,-0.5955823659896851,-0.8253130316734314,-1.537895679473877,-0.269205778837204,-0.7343745231628418,-1.0395442247390747,-0.8037158846855164,-0.6007306575775146,-0.40494105219841003,0.6730173826217651,-0.5826595425605774,-0.1794467270374298,-0.533979058265686,-0.10581657290458679,1.3948006629943848,-1.784485101699829,1.3869682550430298,1.015953540802002,0.8895319104194641,-1.7289756536483765,-0.9872457385063171,-0.5306441783905029,-0.4868902266025543,1.0260084867477417
S01_b5,S01,26,data/targets_real/12_boxer_dog.jpg,data/candidates_ai/12_boxer_dog/L0_2.png,data/candidates_ai/12_boxer_dog/L0_0.png,0,1,0.6680140495300293,1.0,0.3319859504699707,0.0,0.0,0.0,-1.0469592809677124,-1.3307794332504272,0.1800723820924759,-2.821197271347046,-0.6156997084617615,-1.0258090496063232,-0.7026706337928772,-0.5404939651489258,-0.11235102266073227,1.9847415685653687,0.6603120565414429,-1.524212121963501,-0.9097822904586792,-0.9840254783630371,0.5941722989082336,-3.342860460281372,-0.9945293068885803,-2.041208028793335,0.38635319471359253,0.6222652792930603,-0.8270576000213623,-1.826170563697815,0.5352671146392822,-1.5856599807739258,-0.8342307209968567,-0.46935686469078064,0.6028351187705994,-2.128939151763916,-0.40297725796699524,-2.618511199951172,1.1103376150131226,0.3844051957130432,-0.8382589221000671,-0.6610459685325623,1.0764662027359009,-0.22608919441699982,-0.7495297789573669,-1.3801146745681763,0.22658959031105042,-0.9556962847709656,-0.7665097713470459,-1.0561378002166748,0.29302823543548584,-0.45804563164711,-1.202175259590149,-1.0116486549377441,-0.12891730666160583,-1.149617075920105,-0.7879084944725037,-0.46621522307395935,0.012496395036578178,-0.3398672640323639,-0.6274413466453552,-0.003580745542421937,0.13805128633975983,-0.9021247625350952,1.4036380052566528,-0.010839183814823627,-1.3214627504348755,0.6367068886756897,-0.5410143733024597,2.0356132984161377,-1.8664402961730957,-0.22348539531230927,0.004820375237613916,-1.1424036026000977,-0.1478433907032013,2.2918858528137207,-1.0578242540359497,1.931347370147705,-0.040278930217027664,-0.12795446813106537,0.5917260646820068,-1.6611518859863281,-1.7818819284439087,0.633400022983551,0.9968258738517761,-0.9610632061958313,-0.980322539806366,-0.4499797821044922,1.06649649143219,-0.2420647293329239,-1.0439393520355225,-0.9642703533172607,-0.20710895955562592,-1.7729405164718628,-1.2308123111724854,-0.936785101890564,-0.7609325647354126,0.1530608832836151,-0.5901684165000916,-0.9266959428787231,0.08908980339765549,-0.5770463347434998,-1.5186309814453125,-0.819000780582428,-0.14319318532943726,-1.1377443075180054,-0.29671967029571533,0.66654372215271,-0.7353805899620056,-2.0555708408355713,1.160569667816162,-0.9870365858078003,-0.5248708128929138,-2.3937880992889404,-1.1002988815307617,-0.033064328134059906,-0.21450461447238922,-0.7226809859275818,0.029520513489842415,-0.7693007588386536,-0.6475977301597595,-1.2073285579681396,-1.5091254711151123,-0.8266615271568298,-0.11100662499666214,-0.7029154896736145,0.06781236082315445,-0.6744704246520996,0.13515704870224,-0.739344596862793,-0.6420258283615112,-0.9132969379425049,-0.21861761808395386,-0.4463610053062439,-1.9082306623458862,0.9666260480880737,-0.4391137957572937,-0.6509007811546326,0.603817343711853,0.9107081890106201,0.7919602394104004,-0.6839987635612488,-2.1561832427978516,0.5666735172271729,-0.3017224371433258,0.2996608018875122,1.1297624111175537,0.3672533631324768,-0.7628447413444519,2.080202102661133
S01_b5,S01,27,data/targets_real/04_german_shepherd.jpg,data/candidates_ai/04_german_shepherd/L4_5.png,data/candidates_ai/04_german_shepherd/L0_0.png,0,1,-0.40350210666656494,0.17836344242095947,1.403502106666565,0.8216365575790405,0.04296875,0.0,-0.8285208940505981,-0.40400537848472595,-1.0335701704025269,-2.670459270477295,-0.6403228044509888,-0.255067378282547,-3.0956451892852783,-0.7367151379585266,-0.5063961148262024,-0.987550675868988,-0.996798574924469,-0.949780285358429,-0.49039486050605774,0.09249138087034225,-1.4368836879730225,-2.258453607559204,4.750324726104736,2.1772563457489014,2.0052661895751953,2.7842397689819336,0.12839892506599426,-0.06532347202301025,-1.284605622291565,-0.4161568880081177,-0.07269186526536942,0.5190422534942627,0.40206268429756165,-1.5212441682815552,2.6526997089385986,0.7449339628219604,-0.9367939233779907,0.16039355099201202,0.08384725451469421,0.6426423192024231,-0.03443509712815285,-0.46683546900749207,-0.8995524644851685,-0.2250756174325943,-1.2641770839691162,-0.31481459736824036,0.0020134542137384415,0.8841072916984558,0.3556395173072815,-0.8652445673942566,-0.8847396969795227,0.06370144337415695,-1.2891789674758911,-0.5897214412689209,0.2840816080570221,0.8463478088378906,0.19715839624404907,-1.7202650308609009,-0.0961323082447052,0.6053121089935303,-0.04426005110144615,0.3849252164363861,-2.656620979309082,-2.294970989227295,-1.7050893306732178,0.28573253750801086,-0.8025038838386536,1.7529035806655884,0.5349211692810059,-0.4396870732307434,-0.09034236520528793,-0.3223913311958313,-0.9638930559158325,1.5540201663970947,-0.038355085998773575,-0.786296010017395,0.06990676373243332,-0.2175024449825287,0.5176476240158081,-0.5219340920448303,-0.8783965706825256,0.6004467606544495,0.8245198130607605,0.44569918513298035,0.5825669169425964,1.4865915775299072,2.195753812789917,1.0080218315124512,-0.8586896657943726,-0.6036221385002136,-0.6763395667076111,0.0645797997713089,-0.13368135690689087,3.5523171424865723,-0.6698330044746399,-1.1380505561828613,-1.3342130184173584,0.36017900705337524,0.7930534482002258,0.904302716255188,0.10729024559259415,-0.13171572983264923,-0.2232886105775833,-0.7997064590454102,-0.03468918427824974,1.7965575456619263,-0.6691399216651917,-1.6455334424972534,0.4366929531097412,-0.6548774242401123,-0.6585245728492737,-0.9599912762641907,-0.8258272409439087,-0.17443124949932098,0.242723286151886,0.31291845440864563,-0.905409038066864,-0.5767607688903809,-0.7210174798965454,-1.1007013320922852,-2.0607502460479736,-0.8455896377563477,0.0821315199136734,-0.48751357197761536,-0.7780765891075134,-0.1660447120666504,-0.38346609473228455,-2.4349234104156494,-0.8227421045303345,-0.6519345045089722,0.5863448977470398,0.24482855200767517,-0.7855924963951111,1.2624636888504028,1.3990346193313599,0.7590380907058716,0.4502885937690735,0.6959920525550842,1.2140216827392578,-1.656064510345459,-1.5536468029022217,0.9337025880813599,-0.11838162690401077,0.10709372907876968,0.35242322087287903,0.295460045337677,2.028005361557007,2.8032310009002686
S01_b5,S01,28,data/targets_real/13_dobermann.jpg,data/candidates_ai/13_dobermann/L3_0.png,data/candidates_ai/13_dobermann/L3_1.png,0,1,-0.31318169832229614,0.4061601161956787,1.3131816983222961,0.5938398838043213,0.01953125,0.0,0.37955182790756226,-0.2798144519329071,-0.7466793656349182,0.4069004952907562,0.866736114025116,-0.0789099931716919,-0.20362727344036102,0.9734430909156799,1.2812248468399048,2.719026803970337,0.5127359628677368,0.9674988389015198,0.7624804973602295,0.02083028480410576,-0.14882181584835052,3.760495901107788,-0.28144925832748413,-1.1382877826690674,-0.1643558144569397,1.2620867490768433,0.01973041146993637,0.21603289246559143,-1.278111457824707,0.818537175655365,-0.2256518453359604,0.15320773422718048,0.4462730884552002,-0.01819717325270176,10.66453742980957,-1.198499083518982,-1.1913862228393555,1.7962427139282227,-0.21563111245632172,-0.5589896440505981,-0.06100834906101227,0.007601775228977203,0.10399239510297775,0.25670263171195984,0.42064368724823,2.2650415897369385,-0.13220208883285522,-0.2896777093410492,-0.013519017957150936,-0.10580724477767944,-0.5090006589889526,-0.6797253489494324,-0.01813347637653351,1.746552586555481,-0.19732604920864105,-0.5777648687362671,-0.5641800761222839,-0.9312780499458313,-0.4247341454029083,-0.9666886329650879,0.25842347741127014,0.0789962112903595,1.493651032447815,-0.5741958022117615,-0.13837985694408417,0.3582395911216736,0.5345419645309448,0.39839282631874084,-1.1996487379074097,-1.051729440689087,0.8688788414001465,-1.1409136056900024,-1.1480791568756104,1.3320561647415161,0.029175326228141785,5.749302387237549,-1.0031312704086304,-0.13909918069839478,-0.12182464450597763,-0.5798282623291016,0.320151150226593,-0.13526763021945953,-0.39914485812187195,-0.1356450617313385,-1.2192283868789673,0.4598875343799591,2.2770707607269287,0.6414081454277039,-0.6735334992408752,0.5980466604232788,0.8850229382514954,-0.017805244773626328,-0.541508138179779,-0.5255073308944702,-0.5609889030456543,-0.1402226686477661,-0.055313240736722946,0.14106257259845734,-1.2022559642791748,-0.19974291324615479,0.8225477933883667,-0.44860512018203735,-0.0368209071457386,-0.5287227630615234,0.48407769203186035,15.087447166442871,-2.169715166091919,0.9651513695716858,0.13311275839805603,-0.6394675970077515,-0.13720539212226868,-0.5556906461715698,-0.5137835741043091,0.5638787150382996,-1.0004185438156128,-0.40728381276130676,0.04583431035280228,-0.20047734677791595,-0.06591008603572845,-0.3809838593006134,-0.6338356137275696,-0.4155711233615875,0.0542740635573864,-0.4956989884376526,-2.3212921619415283,-0.49617356061935425,-0.6110132932662964,-0.49515652656555176,-1.1620930433273315,-0.9430720806121826,-0.9517601728439331,-0.47775712609291077,-0.5514756441116333,-0.01758401282131672,0.0009179507032968104,0.5468775033950806,-0.442401647567749,0.42741745710372925,-1.220558762550354,-0.14442944526672363,-1.0733562707901,0.5000192523002625,-1.537863850593567,1.1299320459365845,-0.35970598459243774,-0.04462800920009613,4.0823564529418945,-2.172476291656494
